unit_number,plot_number,facade_style,bedrooms,layout,bua,plex_range,plex_size,street_side,th_position
1,1,aston,4,aston-e,2187.55,1-6,6,up,TH06
2,2,aston,3,aston-b,2046.33,1-6,6,up,TH05
3,3,aston,3,aston-c,2045.57,1-6,6,up,TH04
4,4,aston,3,aston-b,2045.25,1-6,6,up,TH03
5,5,aston,3,aston-c,2048.91,1-6,6,up,TH02
6,6,aston,4,aston-a,2184.54,1-6,6,up,TH01
7,7,aston,4,aston-d,2186.26,7-16,10,up,TH10
8,8,palma,3,palma-b,1891.43,7-16,10,up,TH09
9,9,palma,3,palma-a,1891.0,7-16,10,up,TH08
10,10,aston,3,aston-b,2062.8,7-16,10,up,TH07
11,11,aston,3,aston-a,2088.52,7-16,10,up,TH06
12,12,palma,3,palma-b,1922.11,7-16,10,up,TH05
13,13,palma,3,palma-a,1897.46,7-16,10,up,TH04
14,14,palma,3,palma-b,1896.39,7-16,10,up,TH03
15,15,palma,3,palma-a,1890.14,7-16,10,up,TH02
16,16,aston,4,aston-a,2186.26,7-16,10,up,TH01
17,17,palma,4,palma-b,2212.84,17-24,8,up,TH08
18,18,palma,3,palma-b,1864.52,17-24,8,up,TH07
19,19,palma,3,palma-a,1866.68,17-24,8,up,TH06
20,20,palma,3,palma-b,1867.75,17-24,8,up,TH05
21,21,palma,3,palma-a,1867.75,17-24,8,up,TH04
22,22,palma,3,palma-b,1867.54,17-24,8,up,TH03
23,23,palma,3,palma-a,1865.82,17-24,8,up,TH02
24,24,palma,4,palma-a,2211.55,17-24,8,up,TH01
25,25,aston,4,aston-b,2140.73,25-29,5,left,TH05
26,26,aston,3,aston-a,2023.4,25-29,5,left,TH04
27,27,palma,3,palma-b,1880.67,25-29,5,left,TH03
28,28,palma,3,palma-a,1880.77,25-29,5,left,TH02
29,29,aston,4,aston-a,2168.5,25-29,5,left,TH01
30,30,aston,4,aston-d,2168.61,30-34,5,down,TH05
31,31,palma,3,palma-b,1881.21,30-34,5,down,TH04
32,32,palma,3,palma-a,1881.2,30-34,5,down,TH03
33,33,aston,3,aston-b,2023.29,30-34,5,down,TH02
34,34,aston,4,aston-c,2139.87,30-34,5,down,TH01
35,35,palma,4,palma-b,2212.84,35-42,8,down,TH08
36,36,palma,3,palma-b,1864.52,35-42,8,down,TH07
37,37,palma,3,palma-a,1866.68,35-42,8,down,TH06
38,38,palma,3,palma-b,1867.75,35-42,8,down,TH05
39,39,palma,3,palma-a,1867.75,35-42,8,down,TH04
40,40,palma,3,palma-b,1867.54,35-42,8,down,TH03
41,41,palma,3,palma-a,1865.82,35-42,8,down,TH02
42,42,palma,4,palma-a,2211.55,35-42,8,down,TH01
43,43,charm,4,charm-b,2249.87,43-46,4,up,TH04
44,44,charm,3,charm-b,2099.93,43-46,4,up,TH03
45,45,charm,3,charm-a,2097.67,43-46,4,up,TH02
46,46,charm,4,charm-a,2218.01,43-46,4,up,TH01
47,47,charm,4,charm-b,2249.87,47-50,4,up,TH04
48,48,charm,3,charm-b,2099.93,47-50,4,up,TH03
49,49,charm,3,charm-a,2097.67,47-50,4,up,TH02
50,50,charm,4,charm-a,2218.01,47-50,4,up,TH01
51,51,charm,4,charm-b,2249.87,51-54,4,down,TH04
52,52,charm,3,charm-b,2099.93,51-54,4,down,TH03
53,53,charm,3,charm-a,2097.67,51-54,4,down,TH02
54,54,charm,4,charm-a,2218.01,51-54,4,down,TH01
55,55,charm,4,charm-b,2249.87,55-58,4,down,TH04
56,56,charm,3,charm-b,2099.93,55-58,4,down,TH03
57,57,charm,3,charm-a,2097.67,55-58,4,down,TH02
58,58,charm,4,charm-a,2218.01,55-58,4,down,TH01
59,59,aston,4,aston-d,2168.61,59-63,5,down,TH05
60,60,palma,3,palma-b,1881.21,59-63,5,down,TH04
61,61,palma,3,palma-a,1881.2,59-63,5,down,TH03
62,62,aston,3,aston-b,2023.29,59-63,5,down,TH02
63,63,aston,4,aston-c,2139.87,59-63,5,down,TH01
64,64,charm,4,charm-b,2249.87,64-67,4,down,TH04
65,65,charm,3,charm-b,2099.93,64-67,4,down,TH03
66,66,charm,3,charm-a,2097.67,64-67,4,down,TH02
67,67,charm,4,charm-a,2218.01,64-67,4,down,TH01
68,68,charm,4,charm-b,2249.87,68-71,4,down,TH04
69,69,charm,3,charm-b,2099.93,68-71,4,down,TH03
70,70,charm,3,charm-a,2097.67,68-71,4,down,TH02
71,71,charm,4,charm-a,2218.01,68-71,4,down,TH01
72,72,aston,4,aston-e,2187.55,72-77,6,down,TH06
73,73,aston,3,aston-b,2046.33,72-77,6,down,TH05
74,74,aston,3,aston-c,2045.57,72-77,6,down,TH04
75,75,aston,3,aston-b,2045.25,72-77,6,down,TH03
76,76,aston,3,aston-c,2048.91,72-77,6,down,TH02
77,77,aston,4,aston-a,2184.54,72-77,6,down,TH01
78,78,aston,4,aston-e,2187.55,78-83,6,up,TH06
79,79,aston,3,aston-b,2046.33,78-83,6,up,TH05
80,80,aston,3,aston-c,2045.57,78-83,6,up,TH04
81,81,aston,3,aston-b,2045.25,78-83,6,up,TH03
82,82,aston,3,aston-c,2048.91,78-83,6,up,TH02
83,83,aston,4,aston-a,2184.54,78-83,6,up,TH01
84,84,charm,4,charm-b,2249.87,84-87,4,up,TH04
85,85,charm,3,charm-b,2099.93,84-87,4,up,TH03
86,86,charm,3,charm-a,2097.67,84-87,4,up,TH02
87,87,charm,4,charm-a,2218.01,84-87,4,up,TH01
88,88,aston,4,aston-d,2186.26,88-97,10,up,TH10
89,89,palma,3,palma-b,1891.43,88-97,10,up,TH09
90,90,palma,3,palma-a,1891.0,88-97,10,up,TH08
91,91,aston,3,aston-b,2062.8,88-97,10,up,TH07
92,92,aston,3,aston-a,2088.52,88-97,10,up,TH06
93,93,palma,3,palma-b,1922.11,88-97,10,up,TH05
94,94,palma,3,palma-a,1897.46,88-97,10,up,TH04
95,95,palma,3,palma-b,1896.39,88-97,10,up,TH03
96,96,palma,3,palma-a,1890.14,88-97,10,up,TH02
97,97,aston,4,aston-a,2186.26,88-97,10,up,TH01
98,98,charm,4,charm-b,2249.87,98-101,4,left,TH04
99,99,charm,3,charm-b,2099.93,98-101,4,left,TH03
100,100,charm,3,charm-a,2097.67,98-101,4,left,TH02
101,101,charm,4,charm-a,2218.01,98-101,4,left,TH01
102,102,aston,4,aston-d,2186.26,102-111,10,down,TH10
103,103,palma,3,palma-b,1891.43,102-111,10,down,TH09
104,104,palma,3,palma-a,1891.0,102-111,10,down,TH08
105,105,aston,3,aston-b,2062.8,102-111,10,down,TH07
106,106,aston,3,aston-a,2088.52,102-111,10,down,TH06
107,107,palma,3,palma-b,1922.11,102-111,10,down,TH05
108,108,palma,3,palma-a,1897.46,102-111,10,down,TH04
109,109,palma,3,palma-b,1896.39,102-111,10,down,TH03
110,110,palma,3,palma-a,1890.14,102-111,10,down,TH02
111,111,aston,4,aston-a,2186.26,102-111,10,down,TH01
112,112,palma,4,palma-b,2212.84,112-119,8,down,TH08
113,113,palma,3,palma-b,1864.52,112-119,8,down,TH07
114,114,palma,3,palma-a,1866.68,112-119,8,down,TH06
115,115,palma,3,palma-b,1867.75,112-119,8,down,TH05
116,116,palma,3,palma-a,1867.75,112-119,8,down,TH04
117,117,palma,3,palma-b,1867.54,112-119,8,down,TH03
118,118,palma,3,palma-a,1865.82,112-119,8,down,TH02
119,119,palma,4,palma-a,2211.55,112-119,8,down,TH01
120,120,aston,4,aston-b,2140.73,120-124,5,down,TH05
121,121,aston,3,aston-a,2023.4,120-124,5,down,TH04
122,122,palma,3,palma-b,1880.67,120-124,5,down,TH03
123,123,palma,3,palma-a,1880.77,120-124,5,down,TH02
124,124,aston,4,aston-a,2168.5,120-124,5,down,TH01
125,125,aston,4,aston-e,2187.55,125-130,6,down,TH06
126,126,aston,3,aston-b,2046.33,125-130,6,down,TH05
127,127,aston,3,aston-c,2045.57,125-130,6,down,TH04
128,128,aston,3,aston-b,2045.25,125-130,6,down,TH03
129,129,aston,3,aston-c,2048.91,125-130,6,down,TH02
130,130,aston,4,aston-a,2184.54,125-130,6,down,TH01
131,131,palma,4,palma-b,2212.84,131-138,8,up,TH08
132,132,palma,3,palma-b,1864.52,131-138,8,up,TH07
133,133,palma,3,palma-a,1866.68,131-138,8,up,TH06
134,134,palma,3,palma-b,1867.75,131-138,8,up,TH05
135,135,palma,3,palma-a,1867.75,131-138,8,up,TH04
136,136,palma,3,palma-b,1867.54,131-138,8,up,TH03
137,137,palma,3,palma-a,1865.82,131-138,8,up,TH02
138,138,palma,4,palma-a,2211.55,131-138,8,up,TH01
139,139,aston,4,aston-d,2186.26,139-148,10,up,TH10
140,140,palma,3,palma-b,1891.43,139-148,10,up,TH09
141,141,palma,3,palma-a,1891.0,139-148,10,up,TH08
142,142,aston,3,aston-b,2062.8,139-148,10,up,TH07
143,143,aston,3,aston-a,2088.52,139-148,10,up,TH06
144,144,palma,3,palma-b,1922.11,139-148,10,up,TH05
145,145,palma,3,palma-a,1897.46,139-148,10,up,TH04
146,146,palma,3,palma-b,1896.39,139-148,10,up,TH03
147,147,palma,3,palma-a,1890.14,139-148,10,up,TH02
148,148,aston,4,aston-a,2186.26,139-148,10,up,TH01
149,149,charm,4,charm-b,2249.87,149-152,4,right,TH04
150,150,charm,3,charm-b,2099.93,149-152,4,right,TH03
151,151,charm,3,charm-a,2097.67,149-152,4,right,TH02
152,152,charm,4,charm-a,2218.01,149-152,4,right,TH01
153,153,palma,4,palma-b,2212.84,153-160,8,down,TH08
154,154,palma,3,palma-b,1864.52,153-160,8,down,TH07
155,155,palma,3,palma-a,1866.68,153-160,8,down,TH06
156,156,palma,3,palma-b,1867.75,153-160,8,down,TH05
157,157,palma,3,palma-a,1867.75,153-160,8,down,TH04
158,158,palma,3,palma-b,1867.54,153-160,8,down,TH03
159,159,palma,3,palma-a,1865.82,153-160,8,down,TH02
160,160,palma,4,palma-a,2211.55,153-160,8,down,TH01
161,161,aston,4,aston-d,2186.26,161-170,10,down,TH10
162,162,palma,3,palma-b,1891.43,161-170,10,down,TH09
163,163,palma,3,palma-a,1891.0,161-170,10,down,TH08
164,164,aston,3,aston-b,2062.8,161-170,10,down,TH07
165,165,aston,3,aston-a,2088.52,161-170,10,down,TH06
166,166,palma,3,palma-b,1922.11,161-170,10,down,TH05
167,167,palma,3,palma-a,1897.46,161-170,10,down,TH04
168,168,palma,3,palma-b,1896.39,161-170,10,down,TH03
169,169,palma,3,palma-a,1890.14,161-170,10,down,TH02
170,170,aston,4,aston-a,2186.26,161-170,10,down,TH01
171,171,charm,4,charm-b,2249.87,171-174,4,left,TH04
172,172,charm,3,charm-b,2099.93,171-174,4,left,TH03
173,173,charm,3,charm-a,2097.67,171-174,4,left,TH02
174,174,charm,4,charm-a,2218.01,171-174,4,left,TH01
175,175,aston,4,aston-d,2186.26,175-184,10,right,TH10
176,176,palma,3,palma-b,1891.43,175-184,10,right,TH09
177,177,palma,3,palma-a,1891.0,175-184,10,right,TH08
178,178,aston,3,aston-b,2062.8,175-184,10,right,TH07
179,179,aston,3,aston-a,2088.52,175-184,10,right,TH06
180,180,palma,3,palma-b,1922.11,175-184,10,right,TH05
181,181,palma,3,palma-a,1897.46,175-184,10,right,TH04
182,182,palma,3,palma-b,1896.39,175-184,10,right,TH03
183,183,palma,3,palma-a,1890.14,175-184,10,right,TH02
184,184,aston,4,aston-a,2186.26,175-184,10,right,TH01
185,185,aston,4,aston-b,2140.73,185-189,5,right,TH05
186,186,aston,3,aston-a,2023.4,185-189,5,right,TH04
187,187,palma,3,palma-b,1880.67,185-189,5,right,TH03
188,188,palma,3,palma-a,1880.77,185-189,5,right,TH02
189,189,aston,4,aston-a,2168.5,185-189,5,right,TH01
190,190,palma,4,palma-b,2212.84,190-197,8,left,TH08
191,191,palma,3,palma-b,1864.52,190-197,8,left,TH07
192,192,palma,3,palma-a,1866.68,190-197,8,left,TH06
193,193,palma,3,palma-b,1867.75,190-197,8,left,TH05
194,194,palma,3,palma-a,1867.75,190-197,8,left,TH04
195,195,palma,3,palma-b,1867.54,190-197,8,left,TH03
196,196,palma,3,palma-a,1865.82,190-197,8,left,TH02
197,197,palma,4,palma-a,2211.55,190-197,8,left,TH01
198,198,palma,4,palma-b,2212.84,198-205,8,left,TH08
199,199,palma,3,palma-b,1864.52,198-205,8,left,TH07
200,200,palma,3,palma-a,1866.68,198-205,8,left,TH06
201,201,palma,3,palma-b,1867.75,198-205,8,left,TH05
202,202,palma,3,palma-a,1867.75,198-205,8,left,TH04
203,203,palma,3,palma-b,1867.54,198-205,8,left,TH03
204,204,palma,3,palma-a,1865.82,198-205,8,left,TH02
205,205,palma,4,palma-a,2211.55,198-205,8,left,TH01
206,206,aston,4,aston-d,2186.26,206-215,10,down,TH10
207,207,palma,3,palma-b,1891.43,206-215,10,down,TH09
208,208,palma,3,palma-a,1891.0,206-215,10,down,TH08
209,209,aston,3,aston-b,2062.8,206-215,10,down,TH07
210,210,aston,3,aston-a,2088.52,206-215,10,down,TH06
211,211,palma,3,palma-b,1922.11,206-215,10,down,TH05
212,212,palma,3,palma-a,1897.46,206-215,10,down,TH04
213,213,palma,3,palma-b,1896.39,206-215,10,down,TH03
214,214,palma,3,palma-a,1890.14,206-215,10,down,TH02
215,215,aston,4,aston-a,2186.26,206-215,10,down,TH01
216,216,palma,4,palma-b,2212.84,216-223,8,down,TH08
217,217,palma,3,palma-b,1864.52,216-223,8,down,TH07
218,218,palma,3,palma-a,1866.68,216-223,8,down,TH06
219,219,palma,3,palma-b,1867.75,216-223,8,down,TH05
220,220,palma,3,palma-a,1867.75,216-223,8,down,TH04
221,221,palma,3,palma-b,1867.54,216-223,8,down,TH03
222,222,palma,3,palma-a,1865.82,216-223,8,down,TH02
223,223,palma,4,palma-a,2211.55,216-223,8,down,TH01
224,224,aston,4,aston-d,2186.26,224-233,10,down,TH10
225,225,palma,3,palma-b,1891.43,224-233,10,down,TH09
226,226,palma,3,palma-a,1891.0,224-233,10,down,TH08
227,227,aston,3,aston-b,2062.8,224-233,10,down,TH07
228,228,aston,3,aston-a,2088.52,224-233,10,down,TH06
229,229,palma,3,palma-b,1922.11,224-233,10,down,TH05
230,230,palma,3,palma-a,1897.46,224-233,10,down,TH04
231,231,palma,3,palma-b,1896.39,224-233,10,down,TH03
232,232,palma,3,palma-a,1890.14,224-233,10,down,TH02
233,233,aston,4,aston-a,2186.26,224-233,10,down,TH01
234,234,charm,4,charm-b,2249.87,234-237,4,up,TH04
235,235,charm,3,charm-b,2099.93,234-237,4,up,TH03
236,236,charm,3,charm-a,2097.67,234-237,4,up,TH02
237,237,charm,4,charm-a,2218.01,234-237,4,up,TH01
238,238,aston,4,aston-b,2140.73,238-242,5,up,TH05
239,239,aston,3,aston-a,2023.4,238-242,5,up,TH04
240,240,palma,3,palma-b,1880.67,238-242,5,up,TH03
241,241,palma,3,palma-a,1880.77,238-242,5,up,TH02
242,242,aston,4,aston-a,2168.5,238-242,5,up,TH01
243,243,aston,4,aston-b,2140.73,243-247,5,up,TH05
244,244,aston,3,aston-a,2023.4,243-247,5,up,TH04
245,245,palma,3,palma-b,1880.67,243-247,5,up,TH03
246,246,palma,3,palma-a,1880.77,243-247,5,up,TH02
247,247,aston,4,aston-a,2168.5,243-247,5,up,TH01
248,248,charm,4,charm-b,2249.87,248-251,4,up,TH04
249,249,charm,3,charm-b,2099.93,248-251,4,up,TH03
250,250,charm,3,charm-a,2097.67,248-251,4,up,TH02
251,251,charm,4,charm-a,2218.01,248-251,4,up,TH01
252,252,aston,4,aston-d,2168.61,252-256,5,right,TH05
253,253,palma,3,palma-b,1881.21,252-256,5,right,TH04
254,254,palma,3,palma-a,1881.2,252-256,5,right,TH03
255,255,aston,3,aston-b,2023.29,252-256,5,right,TH02
256,256,aston,4,aston-c,2139.87,252-256,5,right,TH01
257,257,aston,4,aston-e,2187.55,257-262,6,down,TH06
258,258,aston,3,aston-b,2046.33,257-262,6,down,TH05
259,259,aston,3,aston-c,2045.57,257-262,6,down,TH04
260,260,aston,3,aston-b,2045.25,257-262,6,down,TH03
261,261,aston,3,aston-c,2048.91,257-262,6,down,TH02
262,262,aston,4,aston-a,2184.54,257-262,6,down,TH01
263,263,aston,4,aston-d,2168.61,263-267,5,left,TH05
264,264,palma,3,palma-b,1881.21,263-267,5,left,TH04
265,265,palma,3,palma-a,1881.2,263-267,5,left,TH03
266,266,aston,3,aston-b,2023.29,263-267,5,left,TH02
267,267,aston,4,aston-c,2139.87,263-267,5,left,TH01
268,268,aston,4,aston-e,2187.55,268-273,6,up,TH06
269,269,aston,3,aston-b,2046.33,268-273,6,up,TH05
270,270,aston,3,aston-c,2045.57,268-273,6,up,TH04
271,271,aston,3,aston-b,2045.25,268-273,6,up,TH03
272,272,aston,3,aston-c,2048.91,268-273,6,up,TH02
273,273,aston,4,aston-a,2184.54,268-273,6,up,TH01
274,274,aston,4,aston-d,2186.26,274-283,10,down,TH10
275,275,palma,3,palma-b,1891.43,274-283,10,down,TH09
276,276,palma,3,palma-a,1891.0,274-283,10,down,TH08
277,277,aston,3,aston-b,2062.8,274-283,10,down,TH07
278,278,aston,3,aston-a,2088.52,274-283,10,down,TH06
279,279,palma,3,palma-b,1922.11,274-283,10,down,TH05
280,280,palma,3,palma-a,1897.46,274-283,10,down,TH04
281,281,palma,3,palma-b,1896.39,274-283,10,down,TH03
282,282,palma,3,palma-a,1890.14,274-283,10,down,TH02
283,283,aston,4,aston-a,2186.26,274-283,10,down,TH01
284,284,aston,4,aston-d,2186.26,284-293,10,down,TH10
285,285,palma,3,palma-b,1891.43,284-293,10,down,TH09
286,286,palma,3,palma-a,1891.0,284-293,10,down,TH08
287,287,aston,3,aston-b,2062.8,284-293,10,down,TH07
288,288,aston,3,aston-a,2088.52,284-293,10,down,TH06
289,289,palma,3,palma-b,1922.11,284-293,10,down,TH05
290,290,palma,3,palma-a,1897.46,284-293,10,down,TH04
291,291,palma,3,palma-b,1896.39,284-293,10,down,TH03
292,292,palma,3,palma-a,1890.14,284-293,10,down,TH02
293,293,aston,4,aston-a,2186.26,284-293,10,down,TH01
294,294,aston,4,aston-b,2140.73,294-298,5,up,TH05
295,295,aston,3,aston-a,2023.4,294-298,5,up,TH04
296,296,palma,3,palma-b,1880.67,294-298,5,up,TH03
297,297,palma,3,palma-a,1880.77,294-298,5,up,TH02
298,298,aston,4,aston-a,2168.5,294-298,5,up,TH01
299,299,aston,4,aston-b,2140.73,299-303,5,right,TH05
300,300,aston,3,aston-a,2023.4,299-303,5,right,TH04
301,301,palma,3,palma-b,1880.67,299-303,5,right,TH03
302,302,palma,3,palma-a,1880.77,299-303,5,right,TH02
303,303,aston,4,aston-a,2168.5,299-303,5,right,TH01
304,304,aston,4,aston-b,2140.73,304-308,5,down,TH05
305,305,aston,3,aston-a,2023.4,304-308,5,down,TH04
306,306,palma,3,palma-b,1880.67,304-308,5,down,TH03
307,307,palma,3,palma-a,1880.77,304-308,5,down,TH02
308,308,aston,4,aston-a,2168.5,304-308,5,down,TH01
309,309,aston,4,aston-b,2140.73,309-313,5,left,TH05
310,310,aston,3,aston-a,2023.4,309-313,5,left,TH04
311,311,palma,3,palma-b,1880.67,309-313,5,left,TH03
312,312,palma,3,palma-a,1880.77,309-313,5,left,TH02
313,313,aston,4,aston-a,2168.5,309-313,5,left,TH01
314,314,palma,4,palma-b,2212.84,314-321,8,right,TH08
315,315,palma,3,palma-b,1864.52,314-321,8,right,TH07
316,316,palma,3,palma-a,1866.68,314-321,8,right,TH06
317,317,palma,3,palma-b,1867.75,314-321,8,right,TH05
318,318,palma,3,palma-a,1867.75,314-321,8,right,TH04
319,319,palma,3,palma-b,1867.54,314-321,8,right,TH03
320,320,palma,3,palma-a,1865.82,314-321,8,right,TH02
321,321,palma,4,palma-a,2211.55,314-321,8,right,TH01
322,322,palma,4,palma-b,2212.84,322-329,8,right,TH08
323,323,palma,3,palma-b,1864.52,322-329,8,right,TH07
324,324,palma,3,palma-a,1866.68,322-329,8,right,TH06
325,325,palma,3,palma-b,1867.75,322-329,8,right,TH05
326,326,palma,3,palma-a,1867.75,322-329,8,right,TH04
327,327,palma,3,palma-b,1867.54,322-329,8,right,TH03
328,328,palma,3,palma-a,1865.82,322-329,8,right,TH02
329,329,palma,4,palma-a,2211.55,322-329,8,right,TH01
330,330,palma,4,palma-b,2212.84,330-337,8,up,TH08
331,331,palma,3,palma-b,1864.52,330-337,8,up,TH07
332,332,palma,3,palma-a,1866.68,330-337,8,up,TH06
333,333,palma,3,palma-b,1867.75,330-337,8,up,TH05
334,334,palma,3,palma-a,1867.75,330-337,8,up,TH04
335,335,palma,3,palma-b,1867.54,330-337,8,up,TH03
336,336,palma,3,palma-a,1865.82,330-337,8,up,TH02
337,337,palma,4,palma-a,2211.55,330-337,8,up,TH01
338,338,aston,4,aston-e,2187.55,338-343,6,up,TH06
339,339,aston,3,aston-b,2046.33,338-343,6,up,TH05
340,340,aston,3,aston-c,2045.57,338-343,6,up,TH04
341,341,aston,3,aston-b,2045.25,338-343,6,up,TH03
342,342,aston,3,aston-c,2048.91,338-343,6,up,TH02
343,343,aston,4,aston-a,2184.54,338-343,6,up,TH01
344,344,aston,4,aston-d,2186.26,344-353,10,up,TH10
345,345,palma,3,palma-b,1891.43,344-353,10,up,TH09
346,346,palma,3,palma-a,1891.0,344-353,10,up,TH08
347,347,aston,3,aston-b,2062.8,344-353,10,up,TH07
348,348,aston,3,aston-a,2088.52,344-353,10,up,TH06
349,349,palma,3,palma-b,1922.11,344-353,10,up,TH05
350,350,palma,3,palma-a,1897.46,344-353,10,up,TH04
351,351,palma,3,palma-b,1896.39,344-353,10,up,TH03
352,352,palma,3,palma-a,1890.14,344-353,10,up,TH02
353,353,aston,4,aston-a,2186.26,344-353,10,up,TH01
354,354,aston,4,aston-b,2140.73,354-358,5,up,TH05
355,355,aston,3,aston-a,2023.4,354-358,5,up,TH04
356,356,palma,3,palma-b,1880.67,354-358,5,up,TH03
357,357,palma,3,palma-a,1880.77,354-358,5,up,TH02
358,358,aston,4,aston-a,2168.5,354-358,5,up,TH01
359,359,charm,4,charm-b,2249.87,359-362,4,up,TH04
360,360,charm,3,charm-b,2099.93,359-362,4,up,TH03
361,361,charm,3,charm-a,2097.67,359-362,4,up,TH02
362,362,charm,4,charm-a,2218.01,359-362,4,up,TH01
363,363,aston,4,aston-d,2186.26,363-372,10,up,TH10
364,364,palma,3,palma-b,1891.43,363-372,10,up,TH09
365,365,palma,3,palma-a,1891.0,363-372,10,up,TH08
366,366,aston,3,aston-b,2062.8,363-372,10,up,TH07
367,367,aston,3,aston-a,2088.52,363-372,10,up,TH06
368,368,palma,3,palma-b,1922.11,363-372,10,up,TH05
369,369,palma,3,palma-a,1897.46,363-372,10,up,TH04
370,370,palma,3,palma-b,1896.39,363-372,10,up,TH03
371,371,palma,3,palma-a,1890.14,363-372,10,up,TH02
372,372,aston,4,aston-a,2186.26,363-372,10,up,TH01
