plot_number,plex_range,street_side,orientation_margin,array_key,style_vote,style_conf,th_position,layout,bua
1,1-8,up,0.8563,8,mysk,0.6667,TH08,moon-b,2607.99
2,1-8,up,0.8563,8,mysk,0.6667,TH07,mysk-b,2111.45
3,1-8,up,0.8563,8,mysk,0.6667,TH06,mysk-a,2094.65
4,1-8,up,0.8563,8,mysk,0.6667,TH05,mysk-b,2094.76
5,1-8,up,0.8563,8,mysk,0.6667,TH04,mysk-a,2094.76
6,1-8,up,0.8563,8,mysk,0.6667,TH03,mysk-b,2094.98
7,1-8,up,0.8563,8,mysk,0.6667,TH02,mysk-a,2111.45
8,1-8,up,0.8563,8,mysk,0.6667,TH01,moon-a,2607.99
9,9-16,up,0.8692,8,mysk,0.75,TH08,moon-b,2607.99
10,9-16,up,0.8692,8,mysk,0.75,TH07,mysk-b,2111.45
11,9-16,up,0.8692,8,mysk,0.75,TH06,mysk-a,2094.65
12,9-16,up,0.8692,8,mysk,0.75,TH05,mysk-b,2094.76
13,9-16,up,0.8692,8,mysk,0.75,TH04,mysk-a,2094.76
14,9-16,up,0.8692,8,mysk,0.75,TH03,mysk-b,2094.98
15,9-16,up,0.8692,8,mysk,0.75,TH02,mysk-a,2111.45
16,9-16,up,0.8692,8,mysk,0.75,TH01,moon-a,2607.99
17,17-22,up,0.9037,6,mysk,0.6667,TH06,moon-b,2607.99
18,17-22,up,0.9037,6,mysk,0.6667,TH05,mysk-b,2111.55
19,17-22,up,0.9037,6,mysk,0.6667,TH04,mysk-a,2094.76
20,17-22,up,0.9037,6,mysk,0.6667,TH03,mysk-b,2094.98
21,17-22,up,0.9037,6,mysk,0.6667,TH02,mysk-a,2111.55
22,17-22,up,0.9037,6,mysk,0.6667,TH01,moon-a,2607.99
23,23-30,up,0.9147,8,mysk,0.75,TH08,moon-b,2607.99
24,23-30,up,0.9147,8,mysk,0.75,TH07,mysk-b,2111.45
25,23-30,up,0.9147,8,mysk,0.75,TH06,mysk-a,2094.65
26,23-30,up,0.9147,8,mysk,0.75,TH05,mysk-b,2094.76
27,23-30,up,0.9147,8,mysk,0.75,TH04,mysk-a,2094.76
28,23-30,up,0.9147,8,mysk,0.75,TH03,mysk-b,2094.98
29,23-30,up,0.9147,8,mysk,0.75,TH02,mysk-a,2111.45
30,23-30,up,0.9147,8,mysk,0.75,TH01,moon-a,2607.99
31,31-36,left,0.9166,6,mysk,0.8,TH06,moon-b,2607.99
32,31-36,left,0.9166,6,mysk,0.8,TH05,mysk-b,2111.55
33,31-36,left,0.9166,6,mysk,0.8,TH04,mysk-a,2094.76
34,31-36,left,0.9166,6,mysk,0.8,TH03,mysk-b,2094.98
35,31-36,left,0.9166,6,mysk,0.8,TH02,mysk-a,2111.55
36,31-36,left,0.9166,6,mysk,0.8,TH01,moon-a,2607.99
37,37-40,left,0.6276,4-1,moon,1.0,TH04,moon-b,2607.99
38,37-40,left,0.6276,4-1,moon,1.0,TH03,moon-b,2179.8
39,37-40,left,0.6276,4-1,moon,1.0,TH02,moon-a,2179.8
40,37-40,left,0.6276,4-1,moon,1.0,TH01,moon-a,2607.99
41,41-48,left,0.8825,8,mysk,0.75,TH08,moon-b,2607.99
42,41-48,left,0.8825,8,mysk,0.75,TH07,mysk-b,2111.45
43,41-48,left,0.8825,8,mysk,0.75,TH06,mysk-a,2094.65
44,41-48,left,0.8825,8,mysk,0.75,TH05,mysk-b,2094.76
45,41-48,left,0.8825,8,mysk,0.75,TH04,mysk-a,2094.76
46,41-48,left,0.8825,8,mysk,0.75,TH03,mysk-b,2094.98
47,41-48,left,0.8825,8,mysk,0.75,TH02,mysk-a,2111.45
48,41-48,left,0.8825,8,mysk,0.75,TH01,moon-a,2607.99
49,49-54,right,0.9026,6,mysk,0.6667,TH06,moon-b,2607.99
50,49-54,right,0.9026,6,mysk,0.6667,TH05,mysk-b,2111.55
51,49-54,right,0.9026,6,mysk,0.6667,TH04,mysk-a,2094.76
52,49-54,right,0.9026,6,mysk,0.6667,TH03,mysk-b,2094.98
53,49-54,right,0.9026,6,mysk,0.6667,TH02,mysk-a,2111.55
54,49-54,right,0.9026,6,mysk,0.6667,TH01,moon-a,2607.99
55,55-58,right,0.6239,4-1,moon,1.0,TH04,moon-b,2607.99
56,55-58,right,0.6239,4-1,moon,1.0,TH03,moon-b,2179.8
57,55-58,right,0.6239,4-1,moon,1.0,TH02,moon-a,2179.8
58,55-58,right,0.6239,4-1,moon,1.0,TH01,moon-a,2607.99
59,59-66,left,0.8967,8,moon,1.0,TH01,moon-a,2607.99
60,59-66,left,0.8967,8,moon,1.0,TH02,mysk-a,2111.45
61,59-66,left,0.8967,8,moon,1.0,TH03,mysk-b,2094.98
62,59-66,left,0.8967,8,moon,1.0,TH04,mysk-a,2094.76
63,59-66,left,0.8967,8,moon,1.0,TH05,mysk-b,2094.76
64,59-66,left,0.8967,8,moon,1.0,TH06,mysk-a,2094.65
65,59-66,left,0.8967,8,moon,1.0,TH07,mysk-b,2111.45
66,59-66,left,0.8967,8,moon,1.0,TH08,moon-b,2607.99
67,67-74,left,0.879,8,mysk,0.6667,TH08,moon-b,2607.99
68,67-74,left,0.879,8,mysk,0.6667,TH07,mysk-b,2111.45
69,67-74,left,0.879,8,mysk,0.6667,TH06,mysk-a,2094.65
70,67-74,left,0.879,8,mysk,0.6667,TH05,mysk-b,2094.76
71,67-74,left,0.879,8,mysk,0.6667,TH04,mysk-a,2094.76
72,67-74,left,0.879,8,mysk,0.6667,TH03,mysk-b,2094.98
73,67-74,left,0.879,8,mysk,0.6667,TH02,mysk-a,2111.45
74,67-74,left,0.879,8,mysk,0.6667,TH01,moon-a,2607.99
75,75-78,left,0.8129,4-2,mysk,1.0,TH04,mysk-b,2586.13
76,75-78,left,0.8129,4-2,mysk,1.0,TH03,mysk-b,2111.02
77,75-78,left,0.8129,4-2,mysk,1.0,TH02,mysk-a,2111.02
78,75-78,left,0.8129,4-2,mysk,1.0,TH01,mysk-a,2586.13
79,79-84,left,0.9078,6,mysk,0.6,TH06,moon-b,2607.99
80,79-84,left,0.9078,6,mysk,0.6,TH05,mysk-b,2111.55
81,79-84,left,0.9078,6,mysk,0.6,TH04,mysk-a,2094.76
82,79-84,left,0.9078,6,mysk,0.6,TH03,mysk-b,2094.98
83,79-84,left,0.9078,6,mysk,0.6,TH02,mysk-a,2111.55
84,79-84,left,0.9078,6,mysk,0.6,TH01,moon-a,2607.99
85,85-92,right,0.9358,8,mysk,0.75,TH08,moon-b,2607.99
86,85-92,right,0.9358,8,mysk,0.75,TH07,mysk-b,2111.45
87,85-92,right,0.9358,8,mysk,0.75,TH06,mysk-a,2094.65
88,85-92,right,0.9358,8,mysk,0.75,TH05,mysk-b,2094.76
89,85-92,right,0.9358,8,mysk,0.75,TH04,mysk-a,2094.76
90,85-92,right,0.9358,8,mysk,0.75,TH03,mysk-b,2094.98
91,85-92,right,0.9358,8,mysk,0.75,TH02,mysk-a,2111.45
92,85-92,right,0.9358,8,mysk,0.75,TH01,moon-a,2607.99
93,93-96,left,0.9839,4-1,moon,1.0,TH01,moon-a,2607.99
94,93-96,left,0.9839,4-1,moon,1.0,TH02,moon-a,2179.8
95,93-96,left,0.9839,4-1,moon,1.0,TH03,moon-b,2179.8
96,93-96,left,0.9839,4-1,moon,1.0,TH04,moon-b,2607.99
97,97-102,right,0.9221,6,mysk,0.6667,TH06,moon-b,2607.99
98,97-102,right,0.9221,6,mysk,0.6667,TH05,mysk-b,2111.55
99,97-102,right,0.9221,6,mysk,0.6667,TH04,mysk-a,2094.76
100,97-102,right,0.9221,6,mysk,0.6667,TH03,mysk-b,2094.98
101,97-102,right,0.9221,6,mysk,0.6667,TH02,mysk-a,2111.55
102,97-102,right,0.9221,6,mysk,0.6667,TH01,moon-a,2607.99
103,103-110,left,0.8891,8,mysk,0.75,TH08,moon-b,2607.99
104,103-110,left,0.8891,8,mysk,0.75,TH07,mysk-b,2111.45
105,103-110,left,0.8891,8,mysk,0.75,TH06,mysk-a,2094.65
106,103-110,left,0.8891,8,mysk,0.75,TH05,mysk-b,2094.76
107,103-110,left,0.8891,8,mysk,0.75,TH04,mysk-a,2094.76
108,103-110,left,0.8891,8,mysk,0.75,TH03,mysk-b,2094.98
109,103-110,left,0.8891,8,mysk,0.75,TH02,mysk-a,2111.45
110,103-110,left,0.8891,8,mysk,0.75,TH01,moon-a,2607.99
111,111-114,right,0.9955,4-2,mysk,1.0,TH01,mysk-a,2586.13
112,111-114,right,0.9955,4-2,mysk,1.0,TH02,mysk-a,2111.02
113,111-114,right,0.9955,4-2,mysk,1.0,TH03,mysk-b,2111.02
114,111-114,right,0.9955,4-2,mysk,1.0,TH04,mysk-b,2586.13
115,115-120,left,0.8937,6,mysk,0.6667,TH06,moon-b,2607.99
116,115-120,left,0.8937,6,mysk,0.6667,TH05,mysk-b,2111.55
117,115-120,left,0.8937,6,mysk,0.6667,TH04,mysk-a,2094.76
118,115-120,left,0.8937,6,mysk,0.6667,TH03,mysk-b,2094.98
119,115-120,left,0.8937,6,mysk,0.6667,TH02,mysk-a,2111.55
120,115-120,left,0.8937,6,mysk,0.6667,TH01,moon-a,2607.99
121,121-124,right,0.9747,4-2,mysk,1.0,TH04,mysk-b,2586.13
122,121-124,right,0.9747,4-2,mysk,1.0,TH03,mysk-b,2111.02
123,121-124,right,0.9747,4-2,mysk,1.0,TH02,mysk-a,2111.02
124,121-124,right,0.9747,4-2,mysk,1.0,TH01,mysk-a,2586.13
125,125-128,right,0.8922,4-1,moon,1.0,TH04,moon-b,2607.99
126,125-128,right,0.8922,4-1,moon,1.0,TH03,moon-b,2179.8
127,125-128,right,0.8922,4-1,moon,1.0,TH02,moon-a,2179.8
128,125-128,right,0.8922,4-1,moon,1.0,TH01,moon-a,2607.99
129,129-132,right,0.9439,4-2,mysk,1.0,TH04,mysk-b,2586.13
130,129-132,right,0.9439,4-2,mysk,1.0,TH03,mysk-b,2111.02
131,129-132,right,0.9439,4-2,mysk,1.0,TH02,mysk-a,2111.02
132,129-132,right,0.9439,4-2,mysk,1.0,TH01,mysk-a,2586.13
133,133-136,right,0.8244,4-1,moon,1.0,TH04,moon-b,2607.99
134,133-136,right,0.8244,4-1,moon,1.0,TH03,moon-b,2179.8
135,133-136,right,0.8244,4-1,moon,1.0,TH02,moon-a,2179.8
136,133-136,right,0.8244,4-1,moon,1.0,TH01,moon-a,2607.99
137,137-144,left,0.8305,8,mysk,0.6,TH08,moon-b,2607.99
138,137-144,left,0.8305,8,mysk,0.6,TH07,mysk-b,2111.45
139,137-144,left,0.8305,8,mysk,0.6,TH06,mysk-a,2094.65
140,137-144,left,0.8305,8,mysk,0.6,TH05,mysk-b,2094.76
141,137-144,left,0.8305,8,mysk,0.6,TH04,mysk-a,2094.76
142,137-144,left,0.8305,8,mysk,0.6,TH03,mysk-b,2094.98
143,137-144,left,0.8305,8,mysk,0.6,TH02,mysk-a,2111.45
144,137-144,left,0.8305,8,mysk,0.6,TH01,moon-a,2607.99
145,145-148,left,0.9099,4-2,mysk,1.0,TH04,mysk-b,2586.13
146,145-148,left,0.9099,4-2,mysk,1.0,TH03,mysk-b,2111.02
147,145-148,left,0.9099,4-2,mysk,1.0,TH02,mysk-a,2111.02
148,145-148,left,0.9099,4-2,mysk,1.0,TH01,mysk-a,2586.13
149,149-152,left,0.8297,4-1,moon,1.0,TH04,moon-b,2607.99
150,149-152,left,0.8297,4-1,moon,1.0,TH03,moon-b,2179.8
151,149-152,left,0.8297,4-1,moon,1.0,TH02,moon-a,2179.8
152,149-152,left,0.8297,4-1,moon,1.0,TH01,moon-a,2607.99
153,153-158,down,0.7735,6,mysk,0.8,TH06,moon-b,2607.99
154,153-158,down,0.7735,6,mysk,0.8,TH05,mysk-b,2111.55
155,153-158,down,0.7735,6,mysk,0.8,TH04,mysk-a,2094.76
156,153-158,down,0.7735,6,mysk,0.8,TH03,mysk-b,2094.98
157,153-158,down,0.7735,6,mysk,0.8,TH02,mysk-a,2111.55
158,153-158,down,0.7735,6,mysk,0.8,TH01,moon-a,2607.99
159,159-166,down,0.9799,8,mysk,0.75,TH08,moon-b,2607.99
160,159-166,down,0.9799,8,mysk,0.75,TH07,mysk-b,2111.45
161,159-166,down,0.9799,8,mysk,0.75,TH06,mysk-a,2094.65
162,159-166,down,0.9799,8,mysk,0.75,TH05,mysk-b,2094.76
163,159-166,down,0.9799,8,mysk,0.75,TH04,mysk-a,2094.76
164,159-166,down,0.9799,8,mysk,0.75,TH03,mysk-b,2094.98
165,159-166,down,0.9799,8,mysk,0.75,TH02,mysk-a,2111.45
166,159-166,down,0.9799,8,mysk,0.75,TH01,moon-a,2607.99
167,167-174,up,0.9152,8,moon,1.0,TH01,moon-a,2607.99
168,167-174,up,0.9152,8,moon,1.0,TH02,mysk-a,2111.45
169,167-174,up,0.9152,8,moon,1.0,TH03,mysk-b,2094.98
170,167-174,up,0.9152,8,moon,1.0,TH04,mysk-a,2094.76
171,167-174,up,0.9152,8,moon,1.0,TH05,mysk-b,2094.76
172,167-174,up,0.9152,8,moon,1.0,TH06,mysk-a,2094.65
173,167-174,up,0.9152,8,moon,1.0,TH07,mysk-b,2111.45
174,167-174,up,0.9152,8,moon,1.0,TH08,moon-b,2607.99
175,175-182,down,0.8815,8,mysk,0.75,TH08,moon-b,2607.99
176,175-182,down,0.8815,8,mysk,0.75,TH07,mysk-b,2111.45
177,175-182,down,0.8815,8,mysk,0.75,TH06,mysk-a,2094.65
178,175-182,down,0.8815,8,mysk,0.75,TH05,mysk-b,2094.76
179,175-182,down,0.8815,8,mysk,0.75,TH04,mysk-a,2094.76
180,175-182,down,0.8815,8,mysk,0.75,TH03,mysk-b,2094.98
181,175-182,down,0.8815,8,mysk,0.75,TH02,mysk-a,2111.45
182,175-182,down,0.8815,8,mysk,0.75,TH01,moon-a,2607.99
183,183-186,up,0.9268,4-2,mysk,1.0,TH01,mysk-a,2586.13
184,183-186,up,0.9268,4-2,mysk,1.0,TH02,mysk-a,2111.02
185,183-186,up,0.9268,4-2,mysk,1.0,TH03,mysk-b,2111.02
186,183-186,up,0.9268,4-2,mysk,1.0,TH04,mysk-b,2586.13
187,187-190,up,0.9619,4-1,moon,1.0,TH01,moon-a,2607.99
188,187-190,up,0.9619,4-1,moon,1.0,TH02,moon-a,2179.8
189,187-190,up,0.9619,4-1,moon,1.0,TH03,moon-b,2179.8
190,187-190,up,0.9619,4-1,moon,1.0,TH04,moon-b,2607.99
191,191-194,down,0.8851,4-2,mysk,1.0,TH01,mysk-a,2586.13
192,191-194,down,0.8851,4-2,mysk,1.0,TH02,mysk-a,2111.02
193,191-194,down,0.8851,4-2,mysk,1.0,TH03,mysk-b,2111.02
194,191-194,down,0.8851,4-2,mysk,1.0,TH04,mysk-b,2586.13
195,195-198,down,0.9952,4-1,moon,1.0,TH01,moon-a,2607.99
196,195-198,down,0.9952,4-1,moon,1.0,TH02,moon-a,2179.8
197,195-198,down,0.9952,4-1,moon,1.0,TH03,moon-b,2179.8
198,195-198,down,0.9952,4-1,moon,1.0,TH04,moon-b,2607.99
199,199-202,up,0.9332,4-1,moon,1.0,TH04,moon-b,2607.99
200,199-202,up,0.9332,4-1,moon,1.0,TH03,moon-b,2179.8
201,199-202,up,0.9332,4-1,moon,1.0,TH02,moon-a,2179.8
202,199-202,up,0.9332,4-1,moon,1.0,TH01,moon-a,2607.99
203,203-206,up,0.9325,4-2,mysk,1.0,TH04,mysk-b,2586.13
204,203-206,up,0.9325,4-2,mysk,1.0,TH03,mysk-b,2111.02
205,203-206,up,0.9325,4-2,mysk,1.0,TH02,mysk-a,2111.02
206,203-206,up,0.9325,4-2,mysk,1.0,TH01,mysk-a,2586.13
207,207-212,left,0.9035,6,moon,1.0,TH01,moon-a,2607.99
208,207-212,left,0.9035,6,moon,1.0,TH02,mysk-a,2111.55
209,207-212,left,0.9035,6,moon,1.0,TH03,mysk-b,2094.98
210,207-212,left,0.9035,6,moon,1.0,TH04,mysk-a,2094.76
211,207-212,left,0.9035,6,moon,1.0,TH05,mysk-b,2111.55
212,207-212,left,0.9035,6,moon,1.0,TH06,moon-b,2607.99
213,213-218,left,0.9615,6,mysk,0.6667,TH06,moon-b,2607.99
214,213-218,left,0.9615,6,mysk,0.6667,TH05,mysk-b,2111.55
215,213-218,left,0.9615,6,mysk,0.6667,TH04,mysk-a,2094.76
216,213-218,left,0.9615,6,mysk,0.6667,TH03,mysk-b,2094.98
217,213-218,left,0.9615,6,mysk,0.6667,TH02,mysk-a,2111.55
218,213-218,left,0.9615,6,mysk,0.6667,TH01,moon-a,2607.99
219,219-222,right,0.9029,4-1,moon,1.0,TH01,moon-a,2607.99
220,219-222,right,0.9029,4-1,moon,1.0,TH02,moon-a,2179.8
221,219-222,right,0.9029,4-1,moon,1.0,TH03,moon-b,2179.8
222,219-222,right,0.9029,4-1,moon,1.0,TH04,moon-b,2607.99
223,223-226,right,0.9609,4-2,mysk,1.0,TH01,mysk-a,2586.13
224,223-226,right,0.9609,4-2,mysk,1.0,TH02,mysk-a,2111.02
225,223-226,right,0.9609,4-2,mysk,1.0,TH03,mysk-b,2111.02
226,223-226,right,0.9609,4-2,mysk,1.0,TH04,mysk-b,2586.13
227,227-234,right,0.8721,8,moon,0.5,TH01,moon-a,2607.99
228,227-234,right,0.8721,8,moon,0.5,TH02,mysk-a,2111.45
229,227-234,right,0.8721,8,moon,0.5,TH03,mysk-b,2094.98
230,227-234,right,0.8721,8,moon,0.5,TH04,mysk-a,2094.76
231,227-234,right,0.8721,8,moon,0.5,TH05,mysk-b,2094.76
232,227-234,right,0.8721,8,moon,0.5,TH06,mysk-a,2094.65
233,227-234,right,0.8721,8,moon,0.5,TH07,mysk-b,2111.45
234,227-234,right,0.8721,8,moon,0.5,TH08,moon-b,2607.99
235,235-238,left,0.8271,4-1,moon,1.0,TH01,moon-a,2607.99
236,235-238,left,0.8271,4-1,moon,1.0,TH02,moon-a,2179.8
237,235-238,left,0.8271,4-1,moon,1.0,TH03,moon-b,2179.8
238,235-238,left,0.8271,4-1,moon,1.0,TH04,moon-b,2607.99
239,239-242,right,0.8136,4-2,mysk,1.0,TH04,mysk-b,2586.13
240,239-242,right,0.8136,4-2,mysk,1.0,TH03,mysk-b,2111.02
241,239-242,right,0.8136,4-2,mysk,1.0,TH02,mysk-a,2111.02
242,239-242,right,0.8136,4-2,mysk,1.0,TH01,mysk-a,2586.13
243,243-250,left,0.9624,8,mysk,0.75,TH01,moon-a,2607.99
244,243-250,left,0.9624,8,mysk,0.75,TH02,mysk-a,2111.45
245,243-250,left,0.9624,8,mysk,0.75,TH03,mysk-b,2094.98
246,243-250,left,0.9624,8,mysk,0.75,TH04,mysk-a,2094.76
247,243-250,left,0.9624,8,mysk,0.75,TH05,mysk-b,2094.76
248,243-250,left,0.9624,8,mysk,0.75,TH06,mysk-a,2094.65
249,243-250,left,0.9624,8,mysk,0.75,TH07,mysk-b,2111.45
250,243-250,left,0.9624,8,mysk,0.75,TH08,moon-b,2607.99
251,251-258,left,0.656,8,moon,1.0,TH08,moon-b,2607.99
252,251-258,left,0.656,8,moon,1.0,TH07,mysk-b,2111.45
253,251-258,left,0.656,8,moon,1.0,TH06,mysk-a,2094.65
254,251-258,left,0.656,8,moon,1.0,TH05,mysk-b,2094.76
255,251-258,left,0.656,8,moon,1.0,TH04,mysk-a,2094.76
256,251-258,left,0.656,8,moon,1.0,TH03,mysk-b,2094.98
257,251-258,left,0.656,8,moon,1.0,TH02,mysk-a,2111.45
258,251-258,left,0.656,8,moon,1.0,TH01,moon-a,2607.99
259,259-266,right,0.9453,8,mysk,0.75,TH01,moon-a,2607.99
260,259-266,right,0.9453,8,mysk,0.75,TH02,mysk-a,2111.45
261,259-266,right,0.9453,8,mysk,0.75,TH03,mysk-b,2094.98
262,259-266,right,0.9453,8,mysk,0.75,TH04,mysk-a,2094.76
263,259-266,right,0.9453,8,mysk,0.75,TH05,mysk-b,2094.76
264,259-266,right,0.9453,8,mysk,0.75,TH06,mysk-a,2094.65
265,259-266,right,0.9453,8,mysk,0.75,TH07,mysk-b,2111.45
266,259-266,right,0.9453,8,mysk,0.75,TH08,moon-b,2607.99
267,267-270,left,0.9153,4-1,moon,1.0,TH01,moon-a,2607.99
268,267-270,left,0.9153,4-1,moon,1.0,TH02,moon-a,2179.8
269,267-270,left,0.9153,4-1,moon,1.0,TH03,moon-b,2179.8
270,267-270,left,0.9153,4-1,moon,1.0,TH04,moon-b,2607.99
271,271-274,right,0.9231,4-2,mysk,1.0,TH04,mysk-b,2586.13
272,271-274,right,0.9231,4-2,mysk,1.0,TH03,mysk-b,2111.02
273,271-274,right,0.9231,4-2,mysk,1.0,TH02,mysk-a,2111.02
274,271-274,right,0.9231,4-2,mysk,1.0,TH01,mysk-a,2586.13
275,275-282,left,0.9573,8,mysk,0.75,TH01,moon-a,2607.99
276,275-282,left,0.9573,8,mysk,0.75,TH02,mysk-a,2111.45
277,275-282,left,0.9573,8,mysk,0.75,TH03,mysk-b,2094.98
278,275-282,left,0.9573,8,mysk,0.75,TH04,mysk-a,2094.76
279,275-282,left,0.9573,8,mysk,0.75,TH05,mysk-b,2094.76
280,275-282,left,0.9573,8,mysk,0.75,TH06,mysk-a,2094.65
281,275-282,left,0.9573,8,mysk,0.75,TH07,mysk-b,2111.45
282,275-282,left,0.9573,8,mysk,0.75,TH08,moon-b,2607.99
283,283-286,right,0.9777,4-1,moon,1.0,TH01,moon-a,2607.99
284,283-286,right,0.9777,4-1,moon,1.0,TH02,moon-a,2179.8
285,283-286,right,0.9777,4-1,moon,1.0,TH03,moon-b,2179.8
286,283-286,right,0.9777,4-1,moon,1.0,TH04,moon-b,2607.99
287,287-290,right,0.9442,4-2,mysk,1.0,TH01,mysk-a,2586.13
288,287-290,right,0.9442,4-2,mysk,1.0,TH02,mysk-a,2111.02
289,287-290,right,0.9442,4-2,mysk,1.0,TH03,mysk-b,2111.02
290,287-290,right,0.9442,4-2,mysk,1.0,TH04,mysk-b,2586.13
291,291-298,right,0.9888,8,mysk,0.7503,TH01,moon-a,2607.99
292,291-298,right,0.9888,8,mysk,0.7503,TH02,mysk-a,2111.45
293,291-298,right,0.9888,8,mysk,0.7503,TH03,mysk-b,2094.98
294,291-298,right,0.9888,8,mysk,0.7503,TH04,mysk-a,2094.76
295,291-298,right,0.9888,8,mysk,0.7503,TH05,mysk-b,2094.76
296,291-298,right,0.9888,8,mysk,0.7503,TH06,mysk-a,2094.65
297,291-298,right,0.9888,8,mysk,0.7503,TH07,mysk-b,2111.45
298,291-298,right,0.9888,8,mysk,0.7503,TH08,moon-b,2607.99
299,299-302,left,0.9427,4-1,moon,1.0,TH01,moon-a,2607.99
300,299-302,left,0.9427,4-1,moon,1.0,TH02,moon-a,2179.8
301,299-302,left,0.9427,4-1,moon,1.0,TH03,moon-b,2179.8
302,299-302,left,0.9427,4-1,moon,1.0,TH04,moon-b,2607.99
303,303-306,left,0.9007,4-2,mysk,1.0,TH01,mysk-a,2586.13
304,303-306,left,0.9007,4-2,mysk,1.0,TH02,mysk-a,2111.02
305,303-306,left,0.9007,4-2,mysk,1.0,TH03,mysk-b,2111.02
306,303-306,left,0.9007,4-2,mysk,1.0,TH04,mysk-b,2586.13
307,307-314,left,0.7261,8,moon,0.6667,TH01,moon-a,2607.99
308,307-314,left,0.7261,8,moon,0.6667,TH02,mysk-a,2111.45
309,307-314,left,0.7261,8,moon,0.6667,TH03,mysk-b,2094.98
310,307-314,left,0.7261,8,moon,0.6667,TH04,mysk-a,2094.76
311,307-314,left,0.7261,8,moon,0.6667,TH05,mysk-b,2094.76
312,307-314,left,0.7261,8,moon,0.6667,TH06,mysk-a,2094.65
313,307-314,left,0.7261,8,moon,0.6667,TH07,mysk-b,2111.45
314,307-314,left,0.7261,8,moon,0.6667,TH08,moon-b,2607.99
315,315-318,right,0.9388,4-1,moon,1.0,TH01,moon-a,2607.99
316,315-318,right,0.9388,4-1,moon,1.0,TH02,moon-a,2179.8
317,315-318,right,0.9388,4-1,moon,1.0,TH03,moon-b,2179.8
318,315-318,right,0.9388,4-1,moon,1.0,TH04,moon-b,2607.99
319,319-322,right,0.9058,4-2,mysk,1.0,TH01,mysk-a,2586.13
320,319-322,right,0.9058,4-2,mysk,1.0,TH02,mysk-a,2111.02
321,319-322,right,0.9058,4-2,mysk,1.0,TH03,mysk-b,2111.02
322,319-322,right,0.9058,4-2,mysk,1.0,TH04,mysk-b,2586.13
323,323-330,right,0.9446,8,mysk,0.75,TH01,moon-a,2607.99
324,323-330,right,0.9446,8,mysk,0.75,TH02,mysk-a,2111.45
325,323-330,right,0.9446,8,mysk,0.75,TH03,mysk-b,2094.98
326,323-330,right,0.9446,8,mysk,0.75,TH04,mysk-a,2094.76
327,323-330,right,0.9446,8,mysk,0.75,TH05,mysk-b,2094.76
328,323-330,right,0.9446,8,mysk,0.75,TH06,mysk-a,2094.65
329,323-330,right,0.9446,8,mysk,0.75,TH07,mysk-b,2111.45
330,323-330,right,0.9446,8,mysk,0.75,TH08,moon-b,2607.99
331,331-334,left,0.9887,4-1,moon,1.0,TH01,moon-a,2607.99
332,331-334,left,0.9887,4-1,moon,1.0,TH02,moon-a,2179.8
333,331-334,left,0.9887,4-1,moon,1.0,TH03,moon-b,2179.8
334,331-334,left,0.9887,4-1,moon,1.0,TH04,moon-b,2607.99
335,335-338,right,0.8823,4-2,mysk,1.0,TH04,mysk-b,2586.13
336,335-338,right,0.8823,4-2,mysk,1.0,TH03,mysk-b,2111.02
337,335-338,right,0.8823,4-2,mysk,1.0,TH02,mysk-a,2111.02
338,335-338,right,0.8823,4-2,mysk,1.0,TH01,mysk-a,2586.13
339,339-346,left,0.9388,8,mysk,0.6667,TH01,moon-a,2607.99
340,339-346,left,0.9388,8,mysk,0.6667,TH02,mysk-a,2111.45
341,339-346,left,0.9388,8,mysk,0.6667,TH03,mysk-b,2094.98
342,339-346,left,0.9388,8,mysk,0.6667,TH04,mysk-a,2094.76
343,339-346,left,0.9388,8,mysk,0.6667,TH05,mysk-b,2094.76
344,339-346,left,0.9388,8,mysk,0.6667,TH06,mysk-a,2094.65
345,339-346,left,0.9388,8,mysk,0.6667,TH07,mysk-b,2111.45
346,339-346,left,0.9388,8,mysk,0.6667,TH08,moon-b,2607.99
347,347-354,down,0.9573,8,mysk,0.75,TH08,moon-b,2607.99
348,347-354,down,0.9573,8,mysk,0.75,TH07,mysk-b,2111.45
349,347-354,down,0.9573,8,mysk,0.75,TH06,mysk-a,2094.65
350,347-354,down,0.9573,8,mysk,0.75,TH05,mysk-b,2094.76
351,347-354,down,0.9573,8,mysk,0.75,TH04,mysk-a,2094.76
352,347-354,down,0.9573,8,mysk,0.75,TH03,mysk-b,2094.98
353,347-354,down,0.9573,8,mysk,0.75,TH02,mysk-a,2111.45
354,347-354,down,0.9573,8,mysk,0.75,TH01,moon-a,2607.99
355,355-362,down,0.9798,8,mysk,0.75,TH08,moon-b,2607.99
356,355-362,down,0.9798,8,mysk,0.75,TH07,mysk-b,2111.45
357,355-362,down,0.9798,8,mysk,0.75,TH06,mysk-a,2094.65
358,355-362,down,0.9798,8,mysk,0.75,TH05,mysk-b,2094.76
359,355-362,down,0.9798,8,mysk,0.75,TH04,mysk-a,2094.76
360,355-362,down,0.9798,8,mysk,0.75,TH03,mysk-b,2094.98
361,355-362,down,0.9798,8,mysk,0.75,TH02,mysk-a,2111.45
362,355-362,down,0.9798,8,mysk,0.75,TH01,moon-a,2607.99
363,363-368,down,0.9501,6,mysk,0.6667,TH06,moon-b,2607.99
364,363-368,down,0.9501,6,mysk,0.6667,TH05,mysk-b,2111.55
365,363-368,down,0.9501,6,mysk,0.6667,TH04,mysk-a,2094.76
366,363-368,down,0.9501,6,mysk,0.6667,TH03,mysk-b,2094.98
367,363-368,down,0.9501,6,mysk,0.6667,TH02,mysk-a,2111.55
368,363-368,down,0.9501,6,mysk,0.6667,TH01,moon-a,2607.99
369,369-376,down,0.9409,8,mysk,0.75,TH08,moon-b,2607.99
370,369-376,down,0.9409,8,mysk,0.75,TH07,mysk-b,2111.45
371,369-376,down,0.9409,8,mysk,0.75,TH06,mysk-a,2094.65
372,369-376,down,0.9409,8,mysk,0.75,TH05,mysk-b,2094.76
373,369-376,down,0.9409,8,mysk,0.75,TH04,mysk-a,2094.76
374,369-376,down,0.9409,8,mysk,0.75,TH03,mysk-b,2094.98
375,369-376,down,0.9409,8,mysk,0.75,TH02,mysk-a,2111.45
376,369-376,down,0.9409,8,mysk,0.75,TH01,moon-a,2607.99
377,377-382,right,0.9444,6,mysk,0.6667,TH06,moon-b,2607.99
378,377-382,right,0.9444,6,mysk,0.6667,TH05,mysk-b,2111.55
379,377-382,right,0.9444,6,mysk,0.6667,TH04,mysk-a,2094.76
380,377-382,right,0.9444,6,mysk,0.6667,TH03,mysk-b,2094.98
381,377-382,right,0.9444,6,mysk,0.6667,TH02,mysk-a,2111.55
382,377-382,right,0.9444,6,mysk,0.6667,TH01,moon-a,2607.99
383,383-388,right,0.9347,6,mysk,0.6667,TH06,moon-b,2607.99
384,383-388,right,0.9347,6,mysk,0.6667,TH05,mysk-b,2111.55
385,383-388,right,0.9347,6,mysk,0.6667,TH04,mysk-a,2094.76
386,383-388,right,0.9347,6,mysk,0.6667,TH03,mysk-b,2094.98
387,383-388,right,0.9347,6,mysk,0.6667,TH02,mysk-a,2111.55
388,383-388,right,0.9347,6,mysk,0.6667,TH01,moon-a,2607.99
389,389-396,right,0.972,8,mysk,0.75,TH08,moon-b,2607.99
390,389-396,right,0.972,8,mysk,0.75,TH07,mysk-b,2111.45
391,389-396,right,0.972,8,mysk,0.75,TH06,mysk-a,2094.65
392,389-396,right,0.972,8,mysk,0.75,TH05,mysk-b,2094.76
393,389-396,right,0.972,8,mysk,0.75,TH04,mysk-a,2094.76
394,389-396,right,0.972,8,mysk,0.75,TH03,mysk-b,2094.98
395,389-396,right,0.972,8,mysk,0.75,TH02,mysk-a,2111.45
396,389-396,right,0.972,8,mysk,0.75,TH01,moon-a,2607.99
397,397-404,down,0.8264,8,moon,1.0,TH01,moon-a,2607.99
398,397-404,down,0.8264,8,moon,1.0,TH02,mysk-a,2111.45
399,397-404,down,0.8264,8,moon,1.0,TH03,mysk-b,2094.98
400,397-404,down,0.8264,8,moon,1.0,TH04,mysk-a,2094.76
401,397-404,down,0.8264,8,moon,1.0,TH05,mysk-b,2094.76
402,397-404,down,0.8264,8,moon,1.0,TH06,mysk-a,2094.65
403,397-404,down,0.8264,8,moon,1.0,TH07,mysk-b,2111.45
404,397-404,down,0.8264,8,moon,1.0,TH08,moon-b,2607.99
405,405-410,up,0.883,6,mysk,0.6,TH06,moon-b,2607.99
406,405-410,up,0.883,6,mysk,0.6,TH05,mysk-b,2111.55
407,405-410,up,0.883,6,mysk,0.6,TH04,mysk-a,2094.76
408,405-410,up,0.883,6,mysk,0.6,TH03,mysk-b,2094.98
409,405-410,up,0.883,6,mysk,0.6,TH02,mysk-a,2111.55
410,405-410,up,0.883,6,mysk,0.6,TH01,moon-a,2607.99
411,411-418,up,0.9365,8,mysk,0.75,TH08,moon-b,2607.99
412,411-418,up,0.9365,8,mysk,0.75,TH07,mysk-b,2111.45
413,411-418,up,0.9365,8,mysk,0.75,TH06,mysk-a,2094.65
414,411-418,up,0.9365,8,mysk,0.75,TH05,mysk-b,2094.76
415,411-418,up,0.9365,8,mysk,0.75,TH04,mysk-a,2094.76
416,411-418,up,0.9365,8,mysk,0.75,TH03,mysk-b,2094.98
417,411-418,up,0.9365,8,mysk,0.75,TH02,mysk-a,2111.45
418,411-418,up,0.9365,8,mysk,0.75,TH01,moon-a,2607.99
419,419-422,up,0.9281,4-2,mysk,1.0,TH04,mysk-b,2586.13
420,419-422,up,0.9281,4-2,mysk,1.0,TH03,mysk-b,2111.02
421,419-422,up,0.9281,4-2,mysk,1.0,TH02,mysk-a,2111.02
422,419-422,up,0.9281,4-2,mysk,1.0,TH01,mysk-a,2586.13
423,423-430,up,0.9073,8,mysk,0.6667,TH08,moon-b,2607.99
424,423-430,up,0.9073,8,mysk,0.6667,TH07,mysk-b,2111.45
425,423-430,up,0.9073,8,mysk,0.6667,TH06,mysk-a,2094.65
426,423-430,up,0.9073,8,mysk,0.6667,TH05,mysk-b,2094.76
427,423-430,up,0.9073,8,mysk,0.6667,TH04,mysk-a,2094.76
428,423-430,up,0.9073,8,mysk,0.6667,TH03,mysk-b,2094.98
429,423-430,up,0.9073,8,mysk,0.6667,TH02,mysk-a,2111.45
430,423-430,up,0.9073,8,mysk,0.6667,TH01,moon-a,2607.99
