plot_number,plex_id,street_side,th_position,layout,orientation_margin,bua_sqm,style_source
1,1,down,TH08,elio-b,0.8,205.3,key_plan
2,1,down,TH07,elio-b,0.8,176.09,key_plan
3,1,down,TH06,elio-a,0.8,175.63,key_plan
4,1,down,TH05,elio-b,0.8,173.33,key_plan
5,1,down,TH04,elio-a,0.8,173.25,key_plan
6,1,down,TH03,elio-b,0.8,173.23,key_plan
7,1,down,TH02,elio-a,0.8,173.19,key_plan
8,1,down,TH01,elio-a,0.8,205.32,key_plan
9,2,down,TH10,pharo-d,0.6842,203.37,key_plan
10,2,down,TH09,elio-b,0.6842,175.69,key_plan
11,2,down,TH08,elio-a,0.6842,175.71,key_plan
12,2,down,TH07,pharo-b,0.6842,191.73,key_plan
13,2,down,TH06,pharo-a,0.6842,194.14,key_plan
14,2,down,TH05,elio-b,0.6842,178.45,key_plan
15,2,down,TH04,elio-a,0.6842,176.24,key_plan
16,2,down,TH03,elio-b,0.6842,173.02,key_plan
17,2,down,TH02,elio-a,0.6842,173.19,key_plan
18,2,down,TH01,pharo-a,0.6842,203.14,key_plan
19,3,down,TH08,elio-b,0.6667,205.3,key_plan
20,3,down,TH07,elio-b,0.6667,176.09,key_plan
21,3,down,TH06,elio-a,0.6667,175.63,key_plan
22,3,down,TH05,elio-b,0.6667,173.33,key_plan
23,3,down,TH04,elio-a,0.6667,173.25,key_plan
24,3,down,TH03,elio-b,0.6667,173.23,key_plan
25,3,down,TH02,elio-a,0.6667,173.19,key_plan
26,3,down,TH01,elio-a,0.6667,205.32,key_plan
27,4,down,TH06,pharo-e,0.8182,203.36,key_plan
28,4,down,TH05,pharo-b,0.8182,189.45,key_plan
29,4,down,TH04,pharo-c,0.8182,189.19,key_plan
30,4,down,TH03,pharo-b,0.8182,189.08,key_plan
31,4,down,TH02,pharo-c,0.8182,189.54,key_plan
32,4,down,TH01,pharo-a,0.8182,203.2,key_plan
33,5,down,TH08,elio-b,0.8,205.3,key_plan
34,5,down,TH07,elio-b,0.8,176.09,key_plan
35,5,down,TH06,elio-a,0.8,175.63,key_plan
36,5,down,TH05,elio-b,0.8,173.33,key_plan
37,5,down,TH04,elio-a,0.8,173.25,key_plan
38,5,down,TH03,elio-b,0.8,173.23,key_plan
39,5,down,TH02,elio-a,0.8,173.19,key_plan
40,5,down,TH01,elio-a,0.8,205.32,key_plan
41,6,right,TH10,pharo-d,0.6842,203.37,key_plan
42,6,right,TH09,elio-b,0.6842,175.69,key_plan
43,6,right,TH08,elio-a,0.6842,175.71,key_plan
44,6,right,TH07,pharo-b,0.6842,191.73,key_plan
45,6,right,TH06,pharo-a,0.6842,194.14,key_plan
46,6,right,TH05,elio-b,0.6842,178.45,key_plan
47,6,right,TH04,elio-a,0.6842,176.24,key_plan
48,6,right,TH03,elio-b,0.6842,173.02,key_plan
49,6,right,TH02,elio-a,0.6842,173.19,key_plan
50,6,right,TH01,pharo-a,0.6842,203.14,key_plan
51,7,right,TH08,elio-b,0.8,205.3,key_plan
52,7,right,TH07,elio-b,0.8,176.09,key_plan
53,7,right,TH06,elio-a,0.8,175.63,key_plan
54,7,right,TH05,elio-b,0.8,173.33,key_plan
55,7,right,TH04,elio-a,0.8,173.25,key_plan
56,7,right,TH03,elio-b,0.8,173.23,key_plan
57,7,right,TH02,elio-a,0.8,173.19,key_plan
58,7,right,TH01,elio-a,0.8,205.32,key_plan
59,8,right,TH06,pharo-e,0.8182,203.36,key_plan
60,8,right,TH05,pharo-b,0.8182,189.45,key_plan
61,8,right,TH04,pharo-c,0.8182,189.19,key_plan
62,8,right,TH03,pharo-b,0.8182,189.08,key_plan
63,8,right,TH02,pharo-c,0.8182,189.54,key_plan
64,8,right,TH01,pharo-a,0.8182,203.2,key_plan
65,9,up,TH06,pharo-e,0.8182,203.36,key_plan
66,9,up,TH05,pharo-b,0.8182,189.45,key_plan
67,9,up,TH04,pharo-c,0.8182,189.19,key_plan
68,9,up,TH03,pharo-b,0.8182,189.08,key_plan
69,9,up,TH02,pharo-c,0.8182,189.54,key_plan
70,9,up,TH01,pharo-a,0.8182,203.2,key_plan
71,10,up,TH04,cyrus-b,0.8571,208.82,key_plan
72,10,up,TH03,cyrus-b,0.8571,195.06,key_plan
73,10,up,TH02,cyrus-a,0.8571,194.82,key_plan
74,10,up,TH01,cyrus-a,0.8571,206.0,key_plan
75,11,up,TH10,pharo-d,0.7895,203.37,key_plan
76,11,up,TH09,elio-b,0.7895,175.69,key_plan
77,11,up,TH08,elio-a,0.7895,175.71,key_plan
78,11,up,TH07,pharo-b,0.7895,191.73,key_plan
79,11,up,TH06,pharo-a,0.7895,194.14,key_plan
80,11,up,TH05,elio-b,0.7895,178.45,key_plan
81,11,up,TH04,elio-a,0.7895,176.24,key_plan
82,11,up,TH03,elio-b,0.7895,173.02,key_plan
83,11,up,TH02,elio-a,0.7895,173.19,key_plan
84,11,up,TH01,pharo-a,0.7895,203.14,key_plan
85,12,up,TH04,cyrus-b,0.8571,208.82,key_plan
86,12,up,TH03,cyrus-b,0.8571,195.06,key_plan
87,12,up,TH02,cyrus-a,0.8571,194.82,key_plan
88,12,up,TH01,cyrus-a,0.8571,206.0,key_plan
89,13,down,TH10,pharo-d,0.6316,203.37,key_plan
90,13,down,TH09,elio-b,0.6316,175.69,key_plan
91,13,down,TH08,elio-a,0.6316,175.71,key_plan
92,13,down,TH07,pharo-b,0.6316,191.73,key_plan
93,13,down,TH06,pharo-a,0.6316,194.14,key_plan
94,13,down,TH05,elio-b,0.6316,178.45,key_plan
95,13,down,TH04,elio-a,0.6316,176.24,key_plan
96,13,down,TH03,elio-b,0.6316,173.02,key_plan
97,13,down,TH02,elio-a,0.6316,173.19,key_plan
98,13,down,TH01,pharo-a,0.6316,203.14,key_plan
99,14,down,TH10,pharo-d,0.7895,203.37,key_plan
100,14,down,TH09,elio-b,0.7895,175.69,key_plan
101,14,down,TH08,elio-a,0.7895,175.71,key_plan
102,14,down,TH07,pharo-b,0.7895,191.73,key_plan
103,14,down,TH06,pharo-a,0.7895,194.14,key_plan
104,14,down,TH05,elio-b,0.7895,178.45,key_plan
105,14,down,TH04,elio-a,0.7895,176.24,key_plan
106,14,down,TH03,elio-b,0.7895,173.02,key_plan
107,14,down,TH02,elio-a,0.7895,173.19,key_plan
108,14,down,TH01,pharo-a,0.7895,203.14,key_plan
109,15,up,TH06,pharo-e,0.8182,203.36,key_plan
110,15,up,TH05,pharo-b,0.8182,189.45,key_plan
111,15,up,TH04,pharo-c,0.8182,189.19,key_plan
112,15,up,TH03,pharo-b,0.8182,189.08,key_plan
113,15,up,TH02,pharo-c,0.8182,189.54,key_plan
114,15,up,TH01,pharo-a,0.8182,203.2,key_plan
115,16,up,TH08,elio-b,0.7333,205.3,key_plan
116,16,up,TH07,elio-b,0.7333,176.09,key_plan
117,16,up,TH06,elio-a,0.7333,175.63,key_plan
118,16,up,TH05,elio-b,0.7333,173.33,key_plan
119,16,up,TH04,elio-a,0.7333,173.25,key_plan
120,16,up,TH03,elio-b,0.7333,173.23,key_plan
121,16,up,TH02,elio-a,0.7333,173.19,key_plan
122,16,up,TH01,elio-a,0.7333,205.32,key_plan
123,17,up,TH06,pharo-e,0.8182,203.36,key_plan
124,17,up,TH05,pharo-b,0.8182,189.45,key_plan
125,17,up,TH04,pharo-c,0.8182,189.19,key_plan
126,17,up,TH03,pharo-b,0.8182,189.08,key_plan
127,17,up,TH02,pharo-c,0.8182,189.54,key_plan
128,17,up,TH01,pharo-a,0.8182,203.2,key_plan
129,18,down,TH06,pharo-e,0.6364,203.36,key_plan
130,18,down,TH05,pharo-b,0.6364,189.45,key_plan
131,18,down,TH04,pharo-c,0.6364,189.19,key_plan
132,18,down,TH03,pharo-b,0.6364,189.08,key_plan
133,18,down,TH02,pharo-c,0.6364,189.54,key_plan
134,18,down,TH01,pharo-a,0.6364,203.2,key_plan
135,19,left,TH04,cyrus-b,0.7143,208.82,key_plan
136,19,left,TH03,cyrus-b,0.7143,195.06,key_plan
137,19,left,TH02,cyrus-a,0.7143,194.82,key_plan
138,19,left,TH01,cyrus-a,0.7143,206.0,key_plan
139,20,right,TH04,cyrus-b,0.8571,208.82,key_plan
140,20,right,TH03,cyrus-b,0.8571,195.06,key_plan
141,20,right,TH02,cyrus-a,0.8571,194.82,key_plan
142,20,right,TH01,cyrus-a,0.8571,206.0,key_plan
143,21,down,TH06,pharo-e,0.8182,203.36,key_plan
144,21,down,TH05,pharo-b,0.8182,189.45,key_plan
145,21,down,TH04,pharo-c,0.8182,189.19,key_plan
146,21,down,TH03,pharo-b,0.8182,189.08,key_plan
147,21,down,TH02,pharo-c,0.8182,189.54,key_plan
148,21,down,TH01,pharo-a,0.8182,203.2,key_plan
149,22,left,TH04,cyrus-b,0.8571,208.82,key_plan
150,22,left,TH03,cyrus-b,0.8571,195.06,key_plan
151,22,left,TH02,cyrus-a,0.8571,194.82,key_plan
152,22,left,TH01,cyrus-a,0.8571,206.0,key_plan
153,23,up,TH06,pharo-e,0.8182,203.36,key_plan
154,23,up,TH05,pharo-b,0.8182,189.45,key_plan
155,23,up,TH04,pharo-c,0.8182,189.19,key_plan
156,23,up,TH03,pharo-b,0.8182,189.08,key_plan
157,23,up,TH02,pharo-c,0.8182,189.54,key_plan
158,23,up,TH01,pharo-a,0.8182,203.2,key_plan
159,24,up,TH06,pharo-e,0.8182,203.36,key_plan
160,24,up,TH05,pharo-b,0.8182,189.45,key_plan
161,24,up,TH04,pharo-c,0.8182,189.19,key_plan
162,24,up,TH03,pharo-b,0.8182,189.08,key_plan
163,24,up,TH02,pharo-c,0.8182,189.54,key_plan
164,24,up,TH01,pharo-a,0.8182,203.2,key_plan
165,25,right,TH04,cyrus-b,0.8571,208.82,key_plan
166,25,right,TH03,cyrus-b,0.8571,195.06,key_plan
167,25,right,TH02,cyrus-a,0.8571,194.82,key_plan
168,25,right,TH01,cyrus-a,0.8571,206.0,key_plan
169,26,left,TH01,cyrus-a,0.8571,206.0,key_plan
170,26,left,TH02,cyrus-a,0.8571,194.82,key_plan
171,26,left,TH03,cyrus-b,0.8571,195.06,key_plan
172,26,left,TH04,cyrus-b,0.8571,208.82,key_plan
173,27,left,TH01,pharo-a,0.8182,203.2,key_plan
174,27,left,TH02,pharo-c,0.8182,189.54,key_plan
175,27,left,TH03,pharo-b,0.8182,189.08,key_plan
176,27,left,TH04,pharo-c,0.8182,189.19,key_plan
177,27,left,TH05,pharo-b,0.8182,189.45,key_plan
178,27,left,TH06,pharo-e,0.8182,203.36,key_plan
179,28,left,TH01,cyrus-a,0.8571,206.0,key_plan
180,28,left,TH02,cyrus-a,0.8571,194.82,key_plan
181,28,left,TH03,cyrus-b,0.8571,195.06,key_plan
182,28,left,TH04,cyrus-b,0.8571,208.82,key_plan
183,29,up,TH10,pharo-d,0.7368,203.37,key_plan
184,29,up,TH09,elio-b,0.7368,175.69,key_plan
185,29,up,TH08,elio-a,0.7368,175.71,key_plan
186,29,up,TH07,pharo-b,0.7368,191.73,key_plan
187,29,up,TH06,pharo-a,0.7368,194.14,key_plan
188,29,up,TH05,elio-b,0.7368,178.45,key_plan
189,29,up,TH04,elio-a,0.7368,176.24,key_plan
190,29,up,TH03,elio-b,0.7368,173.02,key_plan
191,29,up,TH02,elio-a,0.7368,173.19,key_plan
192,29,up,TH01,pharo-a,0.7368,203.14,key_plan
193,30,up,TH08,elio-b,0.8,205.3,key_plan
194,30,up,TH07,elio-b,0.8,176.09,key_plan
195,30,up,TH06,elio-a,0.8,175.63,key_plan
196,30,up,TH05,elio-b,0.8,173.33,key_plan
197,30,up,TH04,elio-a,0.8,173.25,key_plan
198,30,up,TH03,elio-b,0.8,173.23,key_plan
199,30,up,TH02,elio-a,0.8,173.19,key_plan
200,30,up,TH01,elio-a,0.8,205.32,key_plan
201,31,up,TH10,pharo-d,0.7895,203.37,key_plan
202,31,up,TH09,elio-b,0.7895,175.69,key_plan
203,31,up,TH08,elio-a,0.7895,175.71,key_plan
204,31,up,TH07,pharo-b,0.7895,191.73,key_plan
205,31,up,TH06,pharo-a,0.7895,194.14,key_plan
206,31,up,TH05,elio-b,0.7895,178.45,key_plan
207,31,up,TH04,elio-a,0.7895,176.24,key_plan
208,31,up,TH03,elio-b,0.7895,173.02,key_plan
209,31,up,TH02,elio-a,0.7895,173.19,key_plan
210,31,up,TH01,pharo-a,0.7895,203.14,key_plan
211,32,down,TH06,pharo-e,0.7273,203.36,key_plan
212,32,down,TH05,pharo-b,0.7273,189.45,key_plan
213,32,down,TH04,pharo-c,0.7273,189.19,key_plan
214,32,down,TH03,pharo-b,0.7273,189.08,key_plan
215,32,down,TH02,pharo-c,0.7273,189.54,key_plan
216,32,down,TH01,pharo-a,0.7273,203.2,key_plan
217,33,left,TH04,cyrus-b,0.8571,208.82,key_plan
218,33,left,TH03,cyrus-b,0.8571,195.06,key_plan
219,33,left,TH02,cyrus-a,0.8571,194.82,key_plan
220,33,left,TH01,cyrus-a,0.8571,206.0,key_plan
221,34,right,TH04,cyrus-b,0.8571,208.82,key_plan
222,34,right,TH03,cyrus-b,0.8571,195.06,key_plan
223,34,right,TH02,cyrus-a,0.8571,194.82,key_plan
224,34,right,TH01,cyrus-a,0.8571,206.0,key_plan
225,35,down,TH06,pharo-e,0.8182,203.36,key_plan
226,35,down,TH05,pharo-b,0.8182,189.45,key_plan
227,35,down,TH04,pharo-c,0.8182,189.19,key_plan
228,35,down,TH03,pharo-b,0.8182,189.08,key_plan
229,35,down,TH02,pharo-c,0.8182,189.54,key_plan
230,35,down,TH01,pharo-a,0.8182,203.2,key_plan
231,36,right,TH01,cyrus-a,0.7143,206.0,key_plan
232,36,right,TH02,cyrus-a,0.7143,194.82,key_plan
233,36,right,TH03,cyrus-b,0.7143,195.06,key_plan
234,36,right,TH04,cyrus-b,0.7143,208.82,key_plan
235,37,left,TH04,cyrus-b,0.5714,208.82,key_plan
236,37,left,TH03,cyrus-b,0.5714,195.06,key_plan
237,37,left,TH02,cyrus-a,0.5714,194.82,key_plan
238,37,left,TH01,cyrus-a,0.5714,206.0,key_plan
239,38,right,TH01,pharo-a,0.7273,203.2,key_plan
240,38,right,TH02,pharo-c,0.7273,189.54,key_plan
241,38,right,TH03,pharo-b,0.7273,189.08,key_plan
242,38,right,TH04,pharo-c,0.7273,189.19,key_plan
243,38,right,TH05,pharo-b,0.7273,189.45,key_plan
244,38,right,TH06,pharo-e,0.7273,203.36,key_plan
245,39,right,TH01,cyrus-a,0.8571,206.0,key_plan
246,39,right,TH02,cyrus-a,0.8571,194.82,key_plan
247,39,right,TH03,cyrus-b,0.8571,195.06,key_plan
248,39,right,TH04,cyrus-b,0.8571,208.82,key_plan
249,40,up,TH10,pharo-d,0.7368,203.37,key_plan
250,40,up,TH09,elio-b,0.7368,175.69,key_plan
251,40,up,TH08,elio-a,0.7368,175.71,key_plan
252,40,up,TH07,pharo-b,0.7368,191.73,key_plan
253,40,up,TH06,pharo-a,0.7368,194.14,key_plan
254,40,up,TH05,elio-b,0.7368,178.45,key_plan
255,40,up,TH04,elio-a,0.7368,176.24,key_plan
256,40,up,TH03,elio-b,0.7368,173.02,key_plan
257,40,up,TH02,elio-a,0.7368,173.19,key_plan
258,40,up,TH01,pharo-a,0.7368,203.14,key_plan
259,41,up,TH04,cyrus-b,0.8571,208.82,key_plan
260,41,up,TH03,cyrus-b,0.8571,195.06,key_plan
261,41,up,TH02,cyrus-a,0.8571,194.82,key_plan
262,41,up,TH01,cyrus-a,0.8571,206.0,key_plan
263,42,up,TH06,pharo-e,0.8182,203.36,key_plan
264,42,up,TH05,pharo-b,0.8182,189.45,key_plan
265,42,up,TH04,pharo-c,0.8182,189.19,key_plan
266,42,up,TH03,pharo-b,0.8182,189.08,key_plan
267,42,up,TH02,pharo-c,0.8182,189.54,key_plan
268,42,up,TH01,pharo-a,0.8182,203.2,key_plan
269,43,down,TH06,pharo-e,0.6364,203.36,key_plan
270,43,down,TH05,pharo-b,0.6364,189.45,key_plan
271,43,down,TH04,pharo-c,0.6364,189.19,key_plan
272,43,down,TH03,pharo-b,0.6364,189.08,key_plan
273,43,down,TH02,pharo-c,0.6364,189.54,key_plan
274,43,down,TH01,pharo-a,0.6364,203.2,key_plan
275,44,down,TH04,cyrus-b,0.8571,208.82,key_plan
276,44,down,TH03,cyrus-b,0.8571,195.06,key_plan
277,44,down,TH02,cyrus-a,0.8571,194.82,key_plan
278,44,down,TH01,cyrus-a,0.8571,206.0,key_plan
279,45,down,TH10,pharo-d,0.7895,203.37,key_plan
280,45,down,TH09,elio-b,0.7895,175.69,key_plan
281,45,down,TH08,elio-a,0.7895,175.71,key_plan
282,45,down,TH07,pharo-b,0.7895,191.73,key_plan
283,45,down,TH06,pharo-a,0.7895,194.14,key_plan
284,45,down,TH05,elio-b,0.7895,178.45,key_plan
285,45,down,TH04,elio-a,0.7895,176.24,key_plan
286,45,down,TH03,elio-b,0.7895,173.02,key_plan
287,45,down,TH02,elio-a,0.7895,173.19,key_plan
288,45,down,TH01,pharo-a,0.7895,203.14,key_plan
289,46,up,TH06,pharo-e,0.8182,203.36,key_plan
290,46,up,TH05,pharo-b,0.8182,189.45,key_plan
291,46,up,TH04,pharo-c,0.8182,189.19,key_plan
292,46,up,TH03,pharo-b,0.8182,189.08,key_plan
293,46,up,TH02,pharo-c,0.8182,189.54,key_plan
294,46,up,TH01,pharo-a,0.8182,203.2,key_plan
295,47,up,TH06,pharo-e,0.8182,203.36,key_plan
296,47,up,TH05,pharo-b,0.8182,189.45,key_plan
297,47,up,TH04,pharo-c,0.8182,189.19,key_plan
298,47,up,TH03,pharo-b,0.8182,189.08,key_plan
299,47,up,TH02,pharo-c,0.8182,189.54,key_plan
300,47,up,TH01,pharo-a,0.8182,203.2,key_plan
301,48,right,TH04,cyrus-b,0.8571,208.82,key_plan
302,48,right,TH03,cyrus-b,0.8571,195.06,key_plan
303,48,right,TH02,cyrus-a,0.8571,194.82,key_plan
304,48,right,TH01,cyrus-a,0.8571,206.0,key_plan
305,49,left,TH04,cyrus-b,0.8571,208.82,key_plan
306,49,left,TH03,cyrus-b,0.8571,195.06,key_plan
307,49,left,TH02,cyrus-a,0.8571,194.82,key_plan
308,49,left,TH01,cyrus-a,0.8571,206.0,key_plan
309,50,left,TH06,pharo-e,0.4545,203.36,key_plan
310,50,left,TH05,pharo-b,0.4545,189.45,key_plan
311,50,left,TH04,pharo-c,0.4545,189.19,key_plan
312,50,left,TH03,pharo-b,0.4545,189.08,key_plan
313,50,left,TH02,pharo-c,0.4545,189.54,key_plan
314,50,left,TH01,pharo-a,0.4545,203.2,key_plan
315,51,left,TH04,cyrus-b,0.8571,208.82,key_plan
316,51,left,TH03,cyrus-b,0.8571,195.06,key_plan
317,51,left,TH02,cyrus-a,0.8571,194.82,key_plan
318,51,left,TH01,cyrus-a,0.8571,206.0,key_plan
319,52,down,TH06,pharo-e,0.6364,203.36,key_plan
320,52,down,TH05,pharo-b,0.6364,189.45,key_plan
321,52,down,TH04,pharo-c,0.6364,189.19,key_plan
322,52,down,TH03,pharo-b,0.6364,189.08,key_plan
323,52,down,TH02,pharo-c,0.6364,189.54,key_plan
324,52,down,TH01,pharo-a,0.6364,203.2,key_plan
325,53,down,TH06,pharo-e,0.7273,203.36,key_plan
326,53,down,TH05,pharo-b,0.7273,189.45,key_plan
327,53,down,TH04,pharo-c,0.7273,189.19,key_plan
328,53,down,TH03,pharo-b,0.7273,189.08,key_plan
329,53,down,TH02,pharo-c,0.7273,189.54,key_plan
330,53,down,TH01,pharo-a,0.7273,203.2,key_plan
