plot_number,unit_number,facade_style,bedrooms,layout,label,bua,bathrooms,maids_room,ground_floor_bedroom,plex_range,plex_size,street_side,th_position,orientation_margin,style_vote_frac,style_source
1,1,jade,4,jade-a,A,2976.11,4.0,True,True,1-8,8,down,8,0.344,1.0,plex_vote
2,2,jade,3,jade-a,A,2158.38,3.5,True,False,1-8,8,down,7,0.344,1.0,plex_vote
3,3,jade,3,jade-a,A,2149.77,3.5,True,False,1-8,8,down,6,0.344,1.0,plex_vote
4,4,jade,3,jade-a,A,2150.2,3.5,True,False,1-8,8,down,5,0.344,1.0,plex_vote
5,5,jade,3,jade-a,A,2150.2,3.5,True,False,1-8,8,down,4,0.344,1.0,plex_vote
6,6,jade,3,jade-a,A,2149.77,3.5,True,False,1-8,8,down,3,0.344,1.0,plex_vote
7,7,jade,3,jade-a,A,2158.38,3.5,True,False,1-8,8,down,2,0.344,1.0,plex_vote
8,8,jade,4,jade-a,A,2976.11,4.0,True,True,1-8,8,down,1,0.344,1.0,plex_vote
9,9,pearl,4,pearl-b,B,2777.09,4.0,True,True,9-14,6,down,6,0.333,1.0,plex_vote
10,10,pearl,3,pearl-b,B,2190.35,3.5,True,False,9-14,6,down,5,0.333,1.0,plex_vote
11,11,pearl,3,pearl-b,B,2181.73,3.5,True,False,9-14,6,down,4,0.333,1.0,plex_vote
12,12,pearl,3,pearl-b,B,2181.73,3.5,True,False,9-14,6,down,3,0.333,1.0,plex_vote
13,13,pearl,3,pearl-b,B,2190.35,3.5,True,False,9-14,6,down,2,0.333,1.0,plex_vote
14,14,pearl,4,pearl-b,B,2777.09,4.0,True,True,9-14,6,down,1,0.333,1.0,plex_vote
15,15,jade,4,jade-a,A,2973.42,4.0,True,True,15-20,6,down,6,0.417,1.0,plex_vote
16,16,jade,3,jade-a,A,2158.48,3.5,True,False,15-20,6,down,5,0.417,1.0,plex_vote
17,17,jade,3,jade-a,A,2149.98,3.5,True,False,15-20,6,down,4,0.417,1.0,plex_vote
18,18,jade,3,jade-a,A,2149.98,3.5,True,False,15-20,6,down,3,0.417,1.0,plex_vote
19,19,jade,3,jade-a,A,2158.48,3.5,True,False,15-20,6,down,2,0.417,1.0,plex_vote
20,20,jade,4,jade-a,A,2973.42,4.0,True,True,15-20,6,down,1,0.417,1.0,plex_vote
21,21,pearl,4,pearl-b,B,2779.78,4.0,True,True,21-28,8,down,8,0.312,1.0,plex_vote
22,22,pearl,3,pearl-b,B,2190.24,3.5,True,False,21-28,8,down,7,0.312,1.0,plex_vote
23,23,pearl,3,pearl-b,B,2181.84,3.5,True,False,21-28,8,down,6,0.312,1.0,plex_vote
24,24,pearl,3,pearl-b,B,2181.84,3.5,True,False,21-28,8,down,5,0.312,1.0,plex_vote
25,25,pearl,3,pearl-b,B,2181.84,3.5,True,False,21-28,8,down,4,0.312,1.0,plex_vote
26,26,pearl,3,pearl-b,B,2181.84,3.5,True,False,21-28,8,down,3,0.312,1.0,plex_vote
27,27,pearl,3,pearl-b,B,2190.24,3.5,True,False,21-28,8,down,2,0.312,1.0,plex_vote
28,28,pearl,4,pearl-b,B,2779.78,4.0,True,True,21-28,8,down,1,0.312,1.0,plex_vote
29,29,jade,4,jade-a,A,2987.95,4.0,True,True,29-32,4,right,4,0.25,1.0,plex_vote
30,30,jade,3,jade-a,A,2131.9,3.5,True,False,29-32,4,right,3,0.25,1.0,plex_vote
31,31,jade,3,jade-a,A,2131.9,3.5,True,False,29-32,4,right,2,0.25,1.0,plex_vote
32,32,jade,4,jade-a,A,2987.95,4.0,True,True,29-32,4,right,1,0.25,1.0,plex_vote
33,33,pearl,4,pearl-b,B,2779.78,4.0,True,True,33-40,8,right,8,0.188,1.0,plex_vote
34,34,pearl,3,pearl-b,B,2190.24,3.5,True,False,33-40,8,right,7,0.188,1.0,plex_vote
35,35,pearl,3,pearl-b,B,2181.84,3.5,True,False,33-40,8,right,6,0.188,1.0,plex_vote
36,36,pearl,3,pearl-b,B,2181.84,3.5,True,False,33-40,8,right,5,0.188,1.0,plex_vote
37,37,pearl,3,pearl-b,B,2181.84,3.5,True,False,33-40,8,right,4,0.188,1.0,plex_vote
38,38,pearl,3,pearl-b,B,2181.84,3.5,True,False,33-40,8,right,3,0.188,1.0,plex_vote
39,39,pearl,3,pearl-b,B,2190.24,3.5,True,False,33-40,8,right,2,0.188,1.0,plex_vote
40,40,pearl,4,pearl-b,B,2779.78,4.0,True,True,33-40,8,right,1,0.188,1.0,plex_vote
41,41,jade,4,jade-a,A,2976.11,4.0,True,True,41-48,8,right,8,0.344,1.0,plex_vote
42,42,jade,3,jade-a,A,2158.38,3.5,True,False,41-48,8,right,7,0.344,1.0,plex_vote
43,43,jade,3,jade-a,A,2149.77,3.5,True,False,41-48,8,right,6,0.344,1.0,plex_vote
44,44,jade,3,jade-a,A,2150.2,3.5,True,False,41-48,8,right,5,0.344,1.0,plex_vote
45,45,jade,3,jade-a,A,2150.2,3.5,True,False,41-48,8,right,4,0.344,1.0,plex_vote
46,46,jade,3,jade-a,A,2149.77,3.5,True,False,41-48,8,right,3,0.344,1.0,plex_vote
47,47,jade,3,jade-a,A,2158.38,3.5,True,False,41-48,8,right,2,0.344,1.0,plex_vote
48,48,jade,4,jade-a,A,2976.11,4.0,True,True,41-48,8,right,1,0.344,1.0,plex_vote
49,49,pearl,4,pearl-b,B,2779.78,4.0,True,True,49-56,8,left,8,0.312,1.0,plex_vote
50,50,pearl,3,pearl-b,B,2190.24,3.5,True,False,49-56,8,left,7,0.312,1.0,plex_vote
51,51,pearl,3,pearl-b,B,2181.84,3.5,True,False,49-56,8,left,6,0.312,1.0,plex_vote
52,52,pearl,3,pearl-b,B,2181.84,3.5,True,False,49-56,8,left,5,0.312,1.0,plex_vote
53,53,pearl,3,pearl-b,B,2181.84,3.5,True,False,49-56,8,left,4,0.312,1.0,plex_vote
54,54,pearl,3,pearl-b,B,2181.84,3.5,True,False,49-56,8,left,3,0.312,1.0,plex_vote
55,55,pearl,3,pearl-b,B,2190.24,3.5,True,False,49-56,8,left,2,0.312,1.0,plex_vote
56,56,pearl,4,pearl-b,B,2779.78,4.0,True,True,49-56,8,left,1,0.312,1.0,plex_vote
57,57,jade,4,jade-a,A,2976.11,4.0,True,True,57-64,8,left,8,0.312,1.0,plex_vote
58,58,jade,3,jade-a,A,2158.38,3.5,True,False,57-64,8,left,7,0.312,1.0,plex_vote
59,59,jade,3,jade-a,A,2149.77,3.5,True,False,57-64,8,left,6,0.312,1.0,plex_vote
60,60,jade,3,jade-a,A,2150.2,3.5,True,False,57-64,8,left,5,0.312,1.0,plex_vote
61,61,jade,3,jade-a,A,2150.2,3.5,True,False,57-64,8,left,4,0.312,1.0,plex_vote
62,62,jade,3,jade-a,A,2149.77,3.5,True,False,57-64,8,left,3,0.312,1.0,plex_vote
63,63,jade,3,jade-a,A,2158.38,3.5,True,False,57-64,8,left,2,0.312,1.0,plex_vote
64,64,jade,4,jade-a,A,2976.11,4.0,True,True,57-64,8,left,1,0.312,1.0,plex_vote
65,65,pearl,4,pearl-b,B,2791.62,4.0,True,True,65-68,4,up,4,0.312,1.0,plex_vote
66,66,pearl,3,pearl-b,B,2184.96,3.5,True,False,65-68,4,up,3,0.312,1.0,plex_vote
67,67,pearl,3,pearl-b,B,2184.86,3.5,True,False,65-68,4,up,2,0.312,1.0,plex_vote
68,68,pearl,4,pearl-b,B,2791.62,4.0,True,True,65-68,4,up,1,0.312,1.0,plex_vote
69,69,pearl,4,pearl-b,B,2779.78,4.0,True,True,69-76,8,right,8,0.312,1.0,plex_vote
70,70,pearl,3,pearl-b,B,2190.24,3.5,True,False,69-76,8,right,7,0.312,1.0,plex_vote
71,71,pearl,3,pearl-b,B,2181.84,3.5,True,False,69-76,8,right,6,0.312,1.0,plex_vote
72,72,pearl,3,pearl-b,B,2181.84,3.5,True,False,69-76,8,right,5,0.312,1.0,plex_vote
73,73,pearl,3,pearl-b,B,2181.84,3.5,True,False,69-76,8,right,4,0.312,1.0,plex_vote
74,74,pearl,3,pearl-b,B,2181.84,3.5,True,False,69-76,8,right,3,0.312,1.0,plex_vote
75,75,pearl,3,pearl-b,B,2190.24,3.5,True,False,69-76,8,right,2,0.312,1.0,plex_vote
76,76,pearl,4,pearl-b,B,2779.78,4.0,True,True,69-76,8,right,1,0.312,1.0,plex_vote
77,77,jade,4,jade-a,A,2976.11,4.0,True,True,77-84,8,right,8,0.5,1.0,plex_vote
78,78,jade,3,jade-a,A,2158.38,3.5,True,False,77-84,8,right,7,0.5,1.0,plex_vote
79,79,jade,3,jade-a,A,2149.77,3.5,True,False,77-84,8,right,6,0.5,1.0,plex_vote
80,80,jade,3,jade-a,A,2150.2,3.5,True,False,77-84,8,right,5,0.5,1.0,plex_vote
81,81,jade,3,jade-a,A,2150.2,3.5,True,False,77-84,8,right,4,0.5,1.0,plex_vote
82,82,jade,3,jade-a,A,2149.77,3.5,True,False,77-84,8,right,3,0.5,1.0,plex_vote
83,83,jade,3,jade-a,A,2158.38,3.5,True,False,77-84,8,right,2,0.5,1.0,plex_vote
84,84,jade,4,jade-a,A,2976.11,4.0,True,True,77-84,8,right,1,0.5,1.0,plex_vote
85,85,pearl,4,pearl-b,B,2791.62,4.0,True,True,85-88,4,left,4,0.375,1.0,plex_vote
86,86,pearl,3,pearl-b,B,2184.96,3.5,True,False,85-88,4,left,3,0.375,1.0,plex_vote
87,87,pearl,3,pearl-b,B,2184.86,3.5,True,False,85-88,4,left,2,0.375,1.0,plex_vote
88,88,pearl,4,pearl-b,B,2791.62,4.0,True,True,85-88,4,left,1,0.375,1.0,plex_vote
89,89,jade,4,jade-a,A,2973.42,4.0,True,True,89-94,6,left,6,0.292,1.0,plex_vote
90,90,jade,3,jade-a,A,2158.48,3.5,True,False,89-94,6,left,5,0.292,1.0,plex_vote
91,91,jade,3,jade-a,A,2149.98,3.5,True,False,89-94,6,left,4,0.292,1.0,plex_vote
92,92,jade,3,jade-a,A,2149.98,3.5,True,False,89-94,6,left,3,0.292,1.0,plex_vote
93,93,jade,3,jade-a,A,2158.48,3.5,True,False,89-94,6,left,2,0.292,1.0,plex_vote
94,94,jade,4,jade-a,A,2973.42,4.0,True,True,89-94,6,left,1,0.292,1.0,plex_vote
95,95,pearl,4,pearl-b,B,2791.62,4.0,True,True,95-98,4,left,4,0.375,1.0,plex_vote
96,96,pearl,3,pearl-b,B,2184.96,3.5,True,False,95-98,4,left,3,0.375,1.0,plex_vote
97,97,pearl,3,pearl-b,B,2184.86,3.5,True,False,95-98,4,left,2,0.375,1.0,plex_vote
98,98,pearl,4,pearl-b,B,2791.62,4.0,True,True,95-98,4,left,1,0.375,1.0,plex_vote
99,99,jade,4,jade-a,A,2987.95,4.0,True,True,99-102,4,right,4,0.312,1.0,plex_vote
100,100,jade,3,jade-a,A,2131.9,3.5,True,False,99-102,4,right,3,0.312,1.0,plex_vote
101,101,jade,3,jade-a,A,2131.9,3.5,True,False,99-102,4,right,2,0.312,1.0,plex_vote
102,102,jade,4,jade-a,A,2987.95,4.0,True,True,99-102,4,right,1,0.312,1.0,plex_vote
103,103,pearl,4,pearl-b,B,2777.09,4.0,True,True,103-108,6,right,6,0.333,1.0,plex_vote
104,104,pearl,3,pearl-b,B,2190.35,3.5,True,False,103-108,6,right,5,0.333,1.0,plex_vote
105,105,pearl,3,pearl-b,B,2181.73,3.5,True,False,103-108,6,right,4,0.333,1.0,plex_vote
106,106,pearl,3,pearl-b,B,2181.73,3.5,True,False,103-108,6,right,3,0.333,1.0,plex_vote
107,107,pearl,3,pearl-b,B,2190.35,3.5,True,False,103-108,6,right,2,0.333,1.0,plex_vote
108,108,pearl,4,pearl-b,B,2777.09,4.0,True,True,103-108,6,right,1,0.333,1.0,plex_vote
109,109,jade,4,jade-a,A,2987.95,4.0,True,True,109-112,4,right,4,0.375,1.0,plex_vote
110,110,jade,3,jade-a,A,2131.9,3.5,True,False,109-112,4,right,3,0.375,1.0,plex_vote
111,111,jade,3,jade-a,A,2131.9,3.5,True,False,109-112,4,right,2,0.375,1.0,plex_vote
112,112,jade,4,jade-a,A,2987.95,4.0,True,True,109-112,4,right,1,0.375,1.0,plex_vote
113,113,pearl,4,pearl-b,B,2791.62,4.0,True,True,113-116,4,down,4,0.438,1.0,plex_vote
114,114,pearl,3,pearl-b,B,2184.96,3.5,True,False,113-116,4,down,3,0.438,1.0,plex_vote
115,115,pearl,3,pearl-b,B,2184.86,3.5,True,False,113-116,4,down,2,0.438,1.0,plex_vote
116,116,pearl,4,pearl-b,B,2791.62,4.0,True,True,113-116,4,down,1,0.438,1.0,plex_vote
117,117,pearl,4,pearl-b,B,2779.78,4.0,True,True,117-124,8,up,8,0.344,1.0,plex_vote
118,118,pearl,3,pearl-b,B,2190.24,3.5,True,False,117-124,8,up,7,0.344,1.0,plex_vote
119,119,pearl,3,pearl-b,B,2181.84,3.5,True,False,117-124,8,up,6,0.344,1.0,plex_vote
120,120,pearl,3,pearl-b,B,2181.84,3.5,True,False,117-124,8,up,5,0.344,1.0,plex_vote
121,121,pearl,3,pearl-b,B,2181.84,3.5,True,False,117-124,8,up,4,0.344,1.0,plex_vote
122,122,pearl,3,pearl-b,B,2181.84,3.5,True,False,117-124,8,up,3,0.344,1.0,plex_vote
123,123,pearl,3,pearl-b,B,2190.24,3.5,True,False,117-124,8,up,2,0.344,1.0,plex_vote
124,124,pearl,4,pearl-b,B,2779.78,4.0,True,True,117-124,8,up,1,0.344,1.0,plex_vote
125,125,jade,4,jade-a,A,2976.11,4.0,True,True,125-132,8,up,8,0.5,1.0,plex_vote
126,126,jade,3,jade-a,A,2158.38,3.5,True,False,125-132,8,up,7,0.5,1.0,plex_vote
127,127,jade,3,jade-a,A,2149.77,3.5,True,False,125-132,8,up,6,0.5,1.0,plex_vote
128,128,jade,3,jade-a,A,2150.2,3.5,True,False,125-132,8,up,5,0.5,1.0,plex_vote
129,129,jade,3,jade-a,A,2150.2,3.5,True,False,125-132,8,up,4,0.5,1.0,plex_vote
130,130,jade,3,jade-a,A,2149.77,3.5,True,False,125-132,8,up,3,0.5,1.0,plex_vote
131,131,jade,3,jade-a,A,2158.38,3.5,True,False,125-132,8,up,2,0.5,1.0,plex_vote
132,132,jade,4,jade-a,A,2976.11,4.0,True,True,125-132,8,up,1,0.5,1.0,plex_vote
133,133,pearl,4,pearl-b,B,2791.62,4.0,True,True,133-136,4,up,4,0.438,1.0,plex_vote
134,134,pearl,3,pearl-b,B,2184.96,3.5,True,False,133-136,4,up,3,0.438,1.0,plex_vote
135,135,pearl,3,pearl-b,B,2184.86,3.5,True,False,133-136,4,up,2,0.438,1.0,plex_vote
136,136,pearl,4,pearl-b,B,2791.62,4.0,True,True,133-136,4,up,1,0.438,1.0,plex_vote
137,137,jade,4,jade-a,A,2976.11,4.0,True,True,137-144,8,up,8,0.25,1.0,plex_vote
138,138,jade,3,jade-a,A,2158.38,3.5,True,False,137-144,8,up,7,0.25,1.0,plex_vote
139,139,jade,3,jade-a,A,2149.77,3.5,True,False,137-144,8,up,6,0.25,1.0,plex_vote
140,140,jade,3,jade-a,A,2150.2,3.5,True,False,137-144,8,up,5,0.25,1.0,plex_vote
141,141,jade,3,jade-a,A,2150.2,3.5,True,False,137-144,8,up,4,0.25,1.0,plex_vote
142,142,jade,3,jade-a,A,2149.77,3.5,True,False,137-144,8,up,3,0.25,1.0,plex_vote
143,143,jade,3,jade-a,A,2158.38,3.5,True,False,137-144,8,up,2,0.25,1.0,plex_vote
144,144,jade,4,jade-a,A,2976.11,4.0,True,True,137-144,8,up,1,0.25,1.0,plex_vote
145,145,pearl,4,pearl-b,B,2779.78,4.0,True,True,145-152,8,left,8,0.312,1.0,plex_vote
146,146,pearl,3,pearl-b,B,2190.24,3.5,True,False,145-152,8,left,7,0.312,1.0,plex_vote
147,147,pearl,3,pearl-b,B,2181.84,3.5,True,False,145-152,8,left,6,0.312,1.0,plex_vote
148,148,pearl,3,pearl-b,B,2181.84,3.5,True,False,145-152,8,left,5,0.312,1.0,plex_vote
149,149,pearl,3,pearl-b,B,2181.84,3.5,True,False,145-152,8,left,4,0.312,1.0,plex_vote
150,150,pearl,3,pearl-b,B,2181.84,3.5,True,False,145-152,8,left,3,0.312,1.0,plex_vote
151,151,pearl,3,pearl-b,B,2190.24,3.5,True,False,145-152,8,left,2,0.312,1.0,plex_vote
152,152,pearl,4,pearl-b,B,2779.78,4.0,True,True,145-152,8,left,1,0.312,1.0,plex_vote
153,153,jade,4,jade-a,A,2976.11,4.0,True,True,153-160,8,left,8,0.312,1.0,plex_vote
154,154,jade,3,jade-a,A,2158.38,3.5,True,False,153-160,8,left,7,0.312,1.0,plex_vote
155,155,jade,3,jade-a,A,2149.77,3.5,True,False,153-160,8,left,6,0.312,1.0,plex_vote
156,156,jade,3,jade-a,A,2150.2,3.5,True,False,153-160,8,left,5,0.312,1.0,plex_vote
157,157,jade,3,jade-a,A,2150.2,3.5,True,False,153-160,8,left,4,0.312,1.0,plex_vote
158,158,jade,3,jade-a,A,2149.77,3.5,True,False,153-160,8,left,3,0.312,1.0,plex_vote
159,159,jade,3,jade-a,A,2158.38,3.5,True,False,153-160,8,left,2,0.312,1.0,plex_vote
160,160,jade,4,jade-a,A,2976.11,4.0,True,True,153-160,8,left,1,0.312,1.0,plex_vote
161,161,jade,4,jade-a,A,2987.95,4.0,True,True,161-164,4,up,4,0.375,1.0,plex_vote
162,162,jade,3,jade-a,A,2131.9,3.5,True,False,161-164,4,up,3,0.375,1.0,plex_vote
163,163,jade,3,jade-a,A,2131.9,3.5,True,False,161-164,4,up,2,0.375,1.0,plex_vote
164,164,jade,4,jade-a,A,2987.95,4.0,True,True,161-164,4,up,1,0.375,1.0,plex_vote
165,165,pearl,4,pearl-b,B,2779.78,4.0,True,True,165-172,8,right,8,0.312,1.0,plex_vote
166,166,pearl,3,pearl-b,B,2190.24,3.5,True,False,165-172,8,right,7,0.312,1.0,plex_vote
167,167,pearl,3,pearl-b,B,2181.84,3.5,True,False,165-172,8,right,6,0.312,1.0,plex_vote
168,168,pearl,3,pearl-b,B,2181.84,3.5,True,False,165-172,8,right,5,0.312,1.0,plex_vote
169,169,pearl,3,pearl-b,B,2181.84,3.5,True,False,165-172,8,right,4,0.312,1.0,plex_vote
170,170,pearl,3,pearl-b,B,2181.84,3.5,True,False,165-172,8,right,3,0.312,1.0,plex_vote
171,171,pearl,3,pearl-b,B,2190.24,3.5,True,False,165-172,8,right,2,0.312,1.0,plex_vote
172,172,pearl,4,pearl-b,B,2779.78,4.0,True,True,165-172,8,right,1,0.312,1.0,plex_vote
173,173,jade,4,jade-a,A,2976.11,4.0,True,True,173-180,8,right,8,0.25,1.0,plex_vote
174,174,jade,3,jade-a,A,2158.38,3.5,True,False,173-180,8,right,7,0.25,1.0,plex_vote
175,175,jade,3,jade-a,A,2149.77,3.5,True,False,173-180,8,right,6,0.25,1.0,plex_vote
176,176,jade,3,jade-a,A,2150.2,3.5,True,False,173-180,8,right,5,0.25,1.0,plex_vote
177,177,jade,3,jade-a,A,2150.2,3.5,True,False,173-180,8,right,4,0.25,1.0,plex_vote
178,178,jade,3,jade-a,A,2149.77,3.5,True,False,173-180,8,right,3,0.25,1.0,plex_vote
179,179,jade,3,jade-a,A,2158.38,3.5,True,False,173-180,8,right,2,0.25,1.0,plex_vote
180,180,jade,4,jade-a,A,2976.11,4.0,True,True,173-180,8,right,1,0.25,1.0,plex_vote
181,181,jade,4,jade-a,A,2976.11,4.0,True,True,181-188,8,down,8,0.312,1.0,plex_vote
182,182,jade,3,jade-a,A,2158.38,3.5,True,False,181-188,8,down,7,0.312,1.0,plex_vote
183,183,jade,3,jade-a,A,2149.77,3.5,True,False,181-188,8,down,6,0.312,1.0,plex_vote
184,184,jade,3,jade-a,A,2150.2,3.5,True,False,181-188,8,down,5,0.312,1.0,plex_vote
185,185,jade,3,jade-a,A,2150.2,3.5,True,False,181-188,8,down,4,0.312,1.0,plex_vote
186,186,jade,3,jade-a,A,2149.77,3.5,True,False,181-188,8,down,3,0.312,1.0,plex_vote
187,187,jade,3,jade-a,A,2158.38,3.5,True,False,181-188,8,down,2,0.312,1.0,plex_vote
188,188,jade,4,jade-a,A,2976.11,4.0,True,True,181-188,8,down,1,0.312,1.0,plex_vote
189,189,jade,4,jade-a,A,2987.95,4.0,True,True,189-192,4,up,4,0.5,1.0,plex_vote
190,190,jade,3,jade-a,A,2131.9,3.5,True,False,189-192,4,up,3,0.5,1.0,plex_vote
191,191,jade,3,jade-a,A,2131.9,3.5,True,False,189-192,4,up,2,0.5,1.0,plex_vote
192,192,jade,4,jade-a,A,2987.95,4.0,True,True,189-192,4,up,1,0.5,1.0,plex_vote
193,193,pearl,4,pearl-b,B,2791.62,4.0,True,True,193-196,4,up,4,0.5,1.0,plex_vote
194,194,pearl,3,pearl-b,B,2184.96,3.5,True,False,193-196,4,up,3,0.5,1.0,plex_vote
195,195,pearl,3,pearl-b,B,2184.86,3.5,True,False,193-196,4,up,2,0.5,1.0,plex_vote
196,196,pearl,4,pearl-b,B,2791.62,4.0,True,True,193-196,4,up,1,0.5,1.0,plex_vote
197,197,pearl,4,pearl-b,B,2791.62,4.0,True,True,197-200,4,down,4,0.375,1.0,plex_vote
198,198,pearl,3,pearl-b,B,2184.96,3.5,True,False,197-200,4,down,3,0.375,1.0,plex_vote
199,199,pearl,3,pearl-b,B,2184.86,3.5,True,False,197-200,4,down,2,0.375,1.0,plex_vote
200,200,pearl,4,pearl-b,B,2791.62,4.0,True,True,197-200,4,down,1,0.375,1.0,plex_vote
201,201,jade,4,jade-a,A,2976.11,4.0,True,True,201-208,8,left,8,0.312,1.0,plex_vote
202,202,jade,3,jade-a,A,2158.38,3.5,True,False,201-208,8,left,7,0.312,1.0,plex_vote
203,203,jade,3,jade-a,A,2149.77,3.5,True,False,201-208,8,left,6,0.312,1.0,plex_vote
204,204,jade,3,jade-a,A,2150.2,3.5,True,False,201-208,8,left,5,0.312,1.0,plex_vote
205,205,jade,3,jade-a,A,2150.2,3.5,True,False,201-208,8,left,4,0.312,1.0,plex_vote
206,206,jade,3,jade-a,A,2149.77,3.5,True,False,201-208,8,left,3,0.312,1.0,plex_vote
207,207,jade,3,jade-a,A,2158.38,3.5,True,False,201-208,8,left,2,0.312,1.0,plex_vote
208,208,jade,4,jade-a,A,2976.11,4.0,True,True,201-208,8,left,1,0.312,1.0,plex_vote
209,209,pearl,4,pearl-b,B,2791.62,4.0,True,True,209-212,4,up,4,0.375,1.0,plex_vote
210,210,pearl,3,pearl-b,B,2184.96,3.5,True,False,209-212,4,up,3,0.375,1.0,plex_vote
211,211,pearl,3,pearl-b,B,2184.86,3.5,True,False,209-212,4,up,2,0.375,1.0,plex_vote
212,212,pearl,4,pearl-b,B,2791.62,4.0,True,True,209-212,4,up,1,0.375,1.0,plex_vote
213,213,jade,4,jade-a,A,2987.95,4.0,True,True,213-216,4,up,4,0.5,1.0,plex_vote
214,214,jade,3,jade-a,A,2131.9,3.5,True,False,213-216,4,up,3,0.5,1.0,plex_vote
215,215,jade,3,jade-a,A,2131.9,3.5,True,False,213-216,4,up,2,0.5,1.0,plex_vote
216,216,jade,4,jade-a,A,2987.95,4.0,True,True,213-216,4,up,1,0.5,1.0,plex_vote
217,217,pearl,4,pearl-b,B,2779.78,4.0,True,True,217-224,8,right,8,0.312,1.0,plex_vote
218,218,pearl,3,pearl-b,B,2190.24,3.5,True,False,217-224,8,right,7,0.312,1.0,plex_vote
219,219,pearl,3,pearl-b,B,2181.84,3.5,True,False,217-224,8,right,6,0.312,1.0,plex_vote
220,220,pearl,3,pearl-b,B,2181.84,3.5,True,False,217-224,8,right,5,0.312,1.0,plex_vote
221,221,pearl,3,pearl-b,B,2181.84,3.5,True,False,217-224,8,right,4,0.312,1.0,plex_vote
222,222,pearl,3,pearl-b,B,2181.84,3.5,True,False,217-224,8,right,3,0.312,1.0,plex_vote
223,223,pearl,3,pearl-b,B,2190.24,3.5,True,False,217-224,8,right,2,0.312,1.0,plex_vote
224,224,pearl,4,pearl-b,B,2779.78,4.0,True,True,217-224,8,right,1,0.312,1.0,plex_vote
225,225,pearl,4,pearl-b,B,2779.78,4.0,True,True,225-232,8,left,8,0.312,1.0,plex_vote
226,226,pearl,3,pearl-b,B,2190.24,3.5,True,False,225-232,8,left,7,0.312,1.0,plex_vote
227,227,pearl,3,pearl-b,B,2181.84,3.5,True,False,225-232,8,left,6,0.312,1.0,plex_vote
228,228,pearl,3,pearl-b,B,2181.84,3.5,True,False,225-232,8,left,5,0.312,1.0,plex_vote
229,229,pearl,3,pearl-b,B,2181.84,3.5,True,False,225-232,8,left,4,0.312,1.0,plex_vote
230,230,pearl,3,pearl-b,B,2181.84,3.5,True,False,225-232,8,left,3,0.312,1.0,plex_vote
231,231,pearl,3,pearl-b,B,2190.24,3.5,True,False,225-232,8,left,2,0.312,1.0,plex_vote
232,232,pearl,4,pearl-b,B,2779.78,4.0,True,True,225-232,8,left,1,0.312,1.0,plex_vote
233,233,jade,4,jade-a,A,2976.11,4.0,True,True,233-240,8,left,8,0.312,1.0,plex_vote
234,234,jade,3,jade-a,A,2158.38,3.5,True,False,233-240,8,left,7,0.312,1.0,plex_vote
235,235,jade,3,jade-a,A,2149.77,3.5,True,False,233-240,8,left,6,0.312,1.0,plex_vote
236,236,jade,3,jade-a,A,2150.2,3.5,True,False,233-240,8,left,5,0.312,1.0,plex_vote
237,237,jade,3,jade-a,A,2150.2,3.5,True,False,233-240,8,left,4,0.312,1.0,plex_vote
238,238,jade,3,jade-a,A,2149.77,3.5,True,False,233-240,8,left,3,0.312,1.0,plex_vote
239,239,jade,3,jade-a,A,2158.38,3.5,True,False,233-240,8,left,2,0.312,1.0,plex_vote
240,240,jade,4,jade-a,A,2976.11,4.0,True,True,233-240,8,left,1,0.312,1.0,plex_vote
241,241,pearl,4,pearl-b,B,2791.62,4.0,True,True,241-244,4,up,4,0.438,1.0,plex_vote
242,242,pearl,3,pearl-b,B,2184.96,3.5,True,False,241-244,4,up,3,0.438,1.0,plex_vote
243,243,pearl,3,pearl-b,B,2184.86,3.5,True,False,241-244,4,up,2,0.438,1.0,plex_vote
244,244,pearl,4,pearl-b,B,2791.62,4.0,True,True,241-244,4,up,1,0.438,1.0,plex_vote
245,245,pearl,4,pearl-b,B,2779.78,4.0,True,True,245-252,8,right,8,0.312,1.0,plex_vote
246,246,pearl,3,pearl-b,B,2190.24,3.5,True,False,245-252,8,right,7,0.312,1.0,plex_vote
247,247,pearl,3,pearl-b,B,2181.84,3.5,True,False,245-252,8,right,6,0.312,1.0,plex_vote
248,248,pearl,3,pearl-b,B,2181.84,3.5,True,False,245-252,8,right,5,0.312,1.0,plex_vote
249,249,pearl,3,pearl-b,B,2181.84,3.5,True,False,245-252,8,right,4,0.312,1.0,plex_vote
250,250,pearl,3,pearl-b,B,2181.84,3.5,True,False,245-252,8,right,3,0.312,1.0,plex_vote
251,251,pearl,3,pearl-b,B,2190.24,3.5,True,False,245-252,8,right,2,0.312,1.0,plex_vote
252,252,pearl,4,pearl-b,B,2779.78,4.0,True,True,245-252,8,right,1,0.312,1.0,plex_vote
253,253,jade,4,jade-a,A,2976.11,4.0,True,True,253-260,8,right,8,0.25,1.0,plex_vote
254,254,jade,3,jade-a,A,2158.38,3.5,True,False,253-260,8,right,7,0.25,1.0,plex_vote
255,255,jade,3,jade-a,A,2149.77,3.5,True,False,253-260,8,right,6,0.25,1.0,plex_vote
256,256,jade,3,jade-a,A,2150.2,3.5,True,False,253-260,8,right,5,0.25,1.0,plex_vote
257,257,jade,3,jade-a,A,2150.2,3.5,True,False,253-260,8,right,4,0.25,1.0,plex_vote
258,258,jade,3,jade-a,A,2149.77,3.5,True,False,253-260,8,right,3,0.25,1.0,plex_vote
259,259,jade,3,jade-a,A,2158.38,3.5,True,False,253-260,8,right,2,0.25,1.0,plex_vote
260,260,jade,4,jade-a,A,2976.11,4.0,True,True,253-260,8,right,1,0.25,1.0,plex_vote
261,261,pearl,4,pearl-b,B,2777.09,4.0,True,True,261-266,6,up,6,0.333,1.0,plex_vote
262,262,pearl,3,pearl-b,B,2190.35,3.5,True,False,261-266,6,up,5,0.333,1.0,plex_vote
263,263,pearl,3,pearl-b,B,2181.73,3.5,True,False,261-266,6,up,4,0.333,1.0,plex_vote
264,264,pearl,3,pearl-b,B,2181.73,3.5,True,False,261-266,6,up,3,0.333,1.0,plex_vote
265,265,pearl,3,pearl-b,B,2190.35,3.5,True,False,261-266,6,up,2,0.333,1.0,plex_vote
266,266,pearl,4,pearl-b,B,2777.09,4.0,True,True,261-266,6,up,1,0.333,1.0,plex_vote
267,267,jade,4,jade-a,A,2973.42,4.0,True,True,267-272,6,up,6,0.417,1.0,plex_vote
268,268,jade,3,jade-a,A,2158.48,3.5,True,False,267-272,6,up,5,0.417,1.0,plex_vote
269,269,jade,3,jade-a,A,2149.98,3.5,True,False,267-272,6,up,4,0.417,1.0,plex_vote
270,270,jade,3,jade-a,A,2149.98,3.5,True,False,267-272,6,up,3,0.417,1.0,plex_vote
271,271,jade,3,jade-a,A,2158.48,3.5,True,False,267-272,6,up,2,0.417,1.0,plex_vote
272,272,jade,4,jade-a,A,2973.42,4.0,True,True,267-272,6,up,1,0.417,1.0,plex_vote
273,273,pearl,4,pearl-b,B,2779.78,4.0,True,True,273-280,8,up,8,0.312,1.0,plex_vote
274,274,pearl,3,pearl-b,B,2190.24,3.5,True,False,273-280,8,up,7,0.312,1.0,plex_vote
275,275,pearl,3,pearl-b,B,2181.84,3.5,True,False,273-280,8,up,6,0.312,1.0,plex_vote
276,276,pearl,3,pearl-b,B,2181.84,3.5,True,False,273-280,8,up,5,0.312,1.0,plex_vote
277,277,pearl,3,pearl-b,B,2181.84,3.5,True,False,273-280,8,up,4,0.312,1.0,plex_vote
278,278,pearl,3,pearl-b,B,2181.84,3.5,True,False,273-280,8,up,3,0.312,1.0,plex_vote
279,279,pearl,3,pearl-b,B,2190.24,3.5,True,False,273-280,8,up,2,0.312,1.0,plex_vote
280,280,pearl,4,pearl-b,B,2779.78,4.0,True,True,273-280,8,up,1,0.312,1.0,plex_vote
281,281,jade,4,jade-a,A,2973.42,4.0,True,True,281-286,6,up,6,0.458,1.0,plex_vote
282,282,jade,3,jade-a,A,2158.48,3.5,True,False,281-286,6,up,5,0.458,1.0,plex_vote
283,283,jade,3,jade-a,A,2149.98,3.5,True,False,281-286,6,up,4,0.458,1.0,plex_vote
284,284,jade,3,jade-a,A,2149.98,3.5,True,False,281-286,6,up,3,0.458,1.0,plex_vote
285,285,jade,3,jade-a,A,2158.48,3.5,True,False,281-286,6,up,2,0.458,1.0,plex_vote
286,286,jade,4,jade-a,A,2973.42,4.0,True,True,281-286,6,up,1,0.458,1.0,plex_vote
287,287,jade,4,jade-a,A,2987.95,4.0,True,True,287-290,4,down,4,0.375,1.0,plex_vote
288,288,jade,3,jade-a,A,2131.9,3.5,True,False,287-290,4,down,3,0.375,1.0,plex_vote
289,289,jade,3,jade-a,A,2131.9,3.5,True,False,287-290,4,down,2,0.375,1.0,plex_vote
290,290,jade,4,jade-a,A,2987.95,4.0,True,True,287-290,4,down,1,0.375,1.0,plex_vote
291,291,pearl,4,pearl-b,B,2791.62,4.0,True,True,291-294,4,left,4,0.375,1.0,plex_vote
292,292,pearl,3,pearl-b,B,2184.96,3.5,True,False,291-294,4,left,3,0.375,1.0,plex_vote
293,293,pearl,3,pearl-b,B,2184.86,3.5,True,False,291-294,4,left,2,0.375,1.0,plex_vote
294,294,pearl,4,pearl-b,B,2791.62,4.0,True,True,291-294,4,left,1,0.375,1.0,plex_vote
295,295,jade,4,jade-a,A,2973.42,4.0,True,True,295-300,6,left,6,0.458,1.0,plex_vote
296,296,jade,3,jade-a,A,2158.48,3.5,True,False,295-300,6,left,5,0.458,1.0,plex_vote
297,297,jade,3,jade-a,A,2149.98,3.5,True,False,295-300,6,left,4,0.458,1.0,plex_vote
298,298,jade,3,jade-a,A,2149.98,3.5,True,False,295-300,6,left,3,0.458,1.0,plex_vote
299,299,jade,3,jade-a,A,2158.48,3.5,True,False,295-300,6,left,2,0.458,1.0,plex_vote
300,300,jade,4,jade-a,A,2973.42,4.0,True,True,295-300,6,left,1,0.458,1.0,plex_vote
301,301,pearl,4,pearl-b,B,2791.62,4.0,True,True,301-304,4,left,4,0.438,1.0,plex_vote
302,302,pearl,3,pearl-b,B,2184.96,3.5,True,False,301-304,4,left,3,0.438,1.0,plex_vote
303,303,pearl,3,pearl-b,B,2184.86,3.5,True,False,301-304,4,left,2,0.438,1.0,plex_vote
304,304,pearl,4,pearl-b,B,2791.62,4.0,True,True,301-304,4,left,1,0.438,1.0,plex_vote
305,305,jade,4,jade-a,A,2987.95,4.0,True,True,305-308,4,right,4,0.375,1.0,plex_vote
306,306,jade,3,jade-a,A,2131.9,3.5,True,False,305-308,4,right,3,0.375,1.0,plex_vote
307,307,jade,3,jade-a,A,2131.9,3.5,True,False,305-308,4,right,2,0.375,1.0,plex_vote
308,308,jade,4,jade-a,A,2987.95,4.0,True,True,305-308,4,right,1,0.375,1.0,plex_vote
309,309,pearl,4,pearl-b,B,2777.09,4.0,True,True,309-314,6,right,6,0.458,1.0,plex_vote
310,310,pearl,3,pearl-b,B,2190.35,3.5,True,False,309-314,6,right,5,0.458,1.0,plex_vote
311,311,pearl,3,pearl-b,B,2181.73,3.5,True,False,309-314,6,right,4,0.458,1.0,plex_vote
312,312,pearl,3,pearl-b,B,2181.73,3.5,True,False,309-314,6,right,3,0.458,1.0,plex_vote
313,313,pearl,3,pearl-b,B,2190.35,3.5,True,False,309-314,6,right,2,0.458,1.0,plex_vote
314,314,pearl,4,pearl-b,B,2777.09,4.0,True,True,309-314,6,right,1,0.458,1.0,plex_vote
315,315,jade,4,jade-a,A,2987.95,4.0,True,True,315-318,4,right,4,0.438,1.0,plex_vote
316,316,jade,3,jade-a,A,2131.9,3.5,True,False,315-318,4,right,3,0.438,1.0,plex_vote
317,317,jade,3,jade-a,A,2131.9,3.5,True,False,315-318,4,right,2,0.438,1.0,plex_vote
318,318,jade,4,jade-a,A,2987.95,4.0,True,True,315-318,4,right,1,0.438,1.0,plex_vote
319,319,pearl,4,pearl-b,B,2779.78,4.0,True,True,319-326,8,left,8,0.312,1.0,plex_vote
320,320,pearl,3,pearl-b,B,2190.24,3.5,True,False,319-326,8,left,7,0.312,1.0,plex_vote
321,321,pearl,3,pearl-b,B,2181.84,3.5,True,False,319-326,8,left,6,0.312,1.0,plex_vote
322,322,pearl,3,pearl-b,B,2181.84,3.5,True,False,319-326,8,left,5,0.312,1.0,plex_vote
323,323,pearl,3,pearl-b,B,2181.84,3.5,True,False,319-326,8,left,4,0.312,1.0,plex_vote
324,324,pearl,3,pearl-b,B,2181.84,3.5,True,False,319-326,8,left,3,0.312,1.0,plex_vote
325,325,pearl,3,pearl-b,B,2190.24,3.5,True,False,319-326,8,left,2,0.312,1.0,plex_vote
326,326,pearl,4,pearl-b,B,2779.78,4.0,True,True,319-326,8,left,1,0.312,1.0,plex_vote
327,327,jade,4,jade-a,A,2976.11,4.0,True,True,327-334,8,left,8,0.344,1.0,plex_vote
328,328,jade,3,jade-a,A,2158.38,3.5,True,False,327-334,8,left,7,0.344,1.0,plex_vote
329,329,jade,3,jade-a,A,2149.77,3.5,True,False,327-334,8,left,6,0.344,1.0,plex_vote
330,330,jade,3,jade-a,A,2150.2,3.5,True,False,327-334,8,left,5,0.344,1.0,plex_vote
331,331,jade,3,jade-a,A,2150.2,3.5,True,False,327-334,8,left,4,0.344,1.0,plex_vote
332,332,jade,3,jade-a,A,2149.77,3.5,True,False,327-334,8,left,3,0.344,1.0,plex_vote
333,333,jade,3,jade-a,A,2158.38,3.5,True,False,327-334,8,left,2,0.344,1.0,plex_vote
334,334,jade,4,jade-a,A,2976.11,4.0,True,True,327-334,8,left,1,0.344,1.0,plex_vote
335,335,jade,4,jade-a,A,2987.95,4.0,True,True,335-338,4,up,4,0.312,1.0,plex_vote
336,336,jade,3,jade-a,A,2131.9,3.5,True,False,335-338,4,up,3,0.312,1.0,plex_vote
337,337,jade,3,jade-a,A,2131.9,3.5,True,False,335-338,4,up,2,0.312,1.0,plex_vote
338,338,jade,4,jade-a,A,2987.95,4.0,True,True,335-338,4,up,1,0.312,1.0,plex_vote
339,339,pearl,4,pearl-b,B,2779.78,4.0,True,True,339-346,8,right,8,0.312,1.0,plex_vote
340,340,pearl,3,pearl-b,B,2190.24,3.5,True,False,339-346,8,right,7,0.312,1.0,plex_vote
341,341,pearl,3,pearl-b,B,2181.84,3.5,True,False,339-346,8,right,6,0.312,1.0,plex_vote
342,342,pearl,3,pearl-b,B,2181.84,3.5,True,False,339-346,8,right,5,0.312,1.0,plex_vote
343,343,pearl,3,pearl-b,B,2181.84,3.5,True,False,339-346,8,right,4,0.312,1.0,plex_vote
344,344,pearl,3,pearl-b,B,2181.84,3.5,True,False,339-346,8,right,3,0.312,1.0,plex_vote
345,345,pearl,3,pearl-b,B,2190.24,3.5,True,False,339-346,8,right,2,0.312,1.0,plex_vote
346,346,pearl,4,pearl-b,B,2779.78,4.0,True,True,339-346,8,right,1,0.312,1.0,plex_vote
347,347,jade,4,jade-a,A,2976.11,4.0,True,True,347-354,8,right,8,0.344,1.0,plex_vote
348,348,jade,3,jade-a,A,2158.38,3.5,True,False,347-354,8,right,7,0.344,1.0,plex_vote
349,349,jade,3,jade-a,A,2149.77,3.5,True,False,347-354,8,right,6,0.344,1.0,plex_vote
350,350,jade,3,jade-a,A,2150.2,3.5,True,False,347-354,8,right,5,0.344,1.0,plex_vote
351,351,jade,3,jade-a,A,2150.2,3.5,True,False,347-354,8,right,4,0.344,1.0,plex_vote
352,352,jade,3,jade-a,A,2149.77,3.5,True,False,347-354,8,right,3,0.344,1.0,plex_vote
353,353,jade,3,jade-a,A,2158.38,3.5,True,False,347-354,8,right,2,0.344,1.0,plex_vote
354,354,jade,4,jade-a,A,2976.11,4.0,True,True,347-354,8,right,1,0.344,1.0,plex_vote
355,355,pearl,4,pearl-b,B,2777.09,4.0,True,True,355-360,6,left,6,0.333,1.0,plex_vote
356,356,pearl,3,pearl-b,B,2190.35,3.5,True,False,355-360,6,left,5,0.333,1.0,plex_vote
357,357,pearl,3,pearl-b,B,2181.73,3.5,True,False,355-360,6,left,4,0.333,1.0,plex_vote
358,358,pearl,3,pearl-b,B,2181.73,3.5,True,False,355-360,6,left,3,0.333,1.0,plex_vote
359,359,pearl,3,pearl-b,B,2190.35,3.5,True,False,355-360,6,left,2,0.333,1.0,plex_vote
360,360,pearl,4,pearl-b,B,2777.09,4.0,True,True,355-360,6,left,1,0.333,1.0,plex_vote
361,361,jade,4,jade-a,A,2976.11,4.0,True,True,361-368,8,left,8,0.5,1.0,plex_vote
362,362,jade,3,jade-a,A,2158.38,3.5,True,False,361-368,8,left,7,0.5,1.0,plex_vote
363,363,jade,3,jade-a,A,2149.77,3.5,True,False,361-368,8,left,6,0.5,1.0,plex_vote
364,364,jade,3,jade-a,A,2150.2,3.5,True,False,361-368,8,left,5,0.5,1.0,plex_vote
365,365,jade,3,jade-a,A,2150.2,3.5,True,False,361-368,8,left,4,0.5,1.0,plex_vote
366,366,jade,3,jade-a,A,2149.77,3.5,True,False,361-368,8,left,3,0.5,1.0,plex_vote
367,367,jade,3,jade-a,A,2158.38,3.5,True,False,361-368,8,left,2,0.5,1.0,plex_vote
368,368,jade,4,jade-a,A,2976.11,4.0,True,True,361-368,8,left,1,0.5,1.0,plex_vote
369,369,pearl,4,pearl-b,B,2777.09,4.0,True,True,369-374,6,left,6,0.375,1.0,plex_vote
370,370,pearl,3,pearl-b,B,2190.35,3.5,True,False,369-374,6,left,5,0.375,1.0,plex_vote
371,371,pearl,3,pearl-b,B,2181.73,3.5,True,False,369-374,6,left,4,0.375,1.0,plex_vote
372,372,pearl,3,pearl-b,B,2181.73,3.5,True,False,369-374,6,left,3,0.375,1.0,plex_vote
373,373,pearl,3,pearl-b,B,2190.35,3.5,True,False,369-374,6,left,2,0.375,1.0,plex_vote
374,374,pearl,4,pearl-b,B,2777.09,4.0,True,True,369-374,6,left,1,0.375,1.0,plex_vote
375,375,jade,4,jade-a,A,2976.11,4.0,True,True,375-382,8,down,8,0.25,1.0,plex_vote
376,376,jade,3,jade-a,A,2158.38,3.5,True,False,375-382,8,down,7,0.25,1.0,plex_vote
377,377,jade,3,jade-a,A,2149.77,3.5,True,False,375-382,8,down,6,0.25,1.0,plex_vote
378,378,jade,3,jade-a,A,2150.2,3.5,True,False,375-382,8,down,5,0.25,1.0,plex_vote
379,379,jade,3,jade-a,A,2150.2,3.5,True,False,375-382,8,down,4,0.25,1.0,plex_vote
380,380,jade,3,jade-a,A,2149.77,3.5,True,False,375-382,8,down,3,0.25,1.0,plex_vote
381,381,jade,3,jade-a,A,2158.38,3.5,True,False,375-382,8,down,2,0.25,1.0,plex_vote
382,382,jade,4,jade-a,A,2976.11,4.0,True,True,375-382,8,down,1,0.25,1.0,plex_vote
383,383,pearl,4,pearl-b,B,2779.78,4.0,True,True,383-390,8,down,8,0.312,1.0,plex_vote
384,384,pearl,3,pearl-b,B,2190.24,3.5,True,False,383-390,8,down,7,0.312,1.0,plex_vote
385,385,pearl,3,pearl-b,B,2181.84,3.5,True,False,383-390,8,down,6,0.312,1.0,plex_vote
386,386,pearl,3,pearl-b,B,2181.84,3.5,True,False,383-390,8,down,5,0.312,1.0,plex_vote
387,387,pearl,3,pearl-b,B,2181.84,3.5,True,False,383-390,8,down,4,0.312,1.0,plex_vote
388,388,pearl,3,pearl-b,B,2181.84,3.5,True,False,383-390,8,down,3,0.312,1.0,plex_vote
389,389,pearl,3,pearl-b,B,2190.24,3.5,True,False,383-390,8,down,2,0.312,1.0,plex_vote
390,390,pearl,4,pearl-b,B,2779.78,4.0,True,True,383-390,8,down,1,0.312,1.0,plex_vote
391,391,jade,4,jade-a,A,2976.11,4.0,True,True,391-398,8,down,8,0.281,1.0,plex_vote
392,392,jade,3,jade-a,A,2158.38,3.5,True,False,391-398,8,down,7,0.281,1.0,plex_vote
393,393,jade,3,jade-a,A,2149.77,3.5,True,False,391-398,8,down,6,0.281,1.0,plex_vote
394,394,jade,3,jade-a,A,2150.2,3.5,True,False,391-398,8,down,5,0.281,1.0,plex_vote
395,395,jade,3,jade-a,A,2150.2,3.5,True,False,391-398,8,down,4,0.281,1.0,plex_vote
396,396,jade,3,jade-a,A,2149.77,3.5,True,False,391-398,8,down,3,0.281,1.0,plex_vote
397,397,jade,3,jade-a,A,2158.38,3.5,True,False,391-398,8,down,2,0.281,1.0,plex_vote
398,398,jade,4,jade-a,A,2976.11,4.0,True,True,391-398,8,down,1,0.281,1.0,plex_vote
399,399,pearl,4,pearl-b,B,2779.78,4.0,True,True,399-406,8,down,8,0.25,1.0,plex_vote
400,400,pearl,3,pearl-b,B,2190.24,3.5,True,False,399-406,8,down,7,0.25,1.0,plex_vote
401,401,pearl,3,pearl-b,B,2181.84,3.5,True,False,399-406,8,down,6,0.25,1.0,plex_vote
402,402,pearl,3,pearl-b,B,2181.84,3.5,True,False,399-406,8,down,5,0.25,1.0,plex_vote
403,403,pearl,3,pearl-b,B,2181.84,3.5,True,False,399-406,8,down,4,0.25,1.0,plex_vote
404,404,pearl,3,pearl-b,B,2181.84,3.5,True,False,399-406,8,down,3,0.25,1.0,plex_vote
405,405,pearl,3,pearl-b,B,2190.24,3.5,True,False,399-406,8,down,2,0.25,1.0,plex_vote
406,406,pearl,4,pearl-b,B,2779.78,4.0,True,True,399-406,8,down,1,0.25,1.0,plex_vote
