plot_number,plex_range,plex_style,unit_style_vote,unit_style_conf,unit_style_samples,style_source,street_side,orientation_margin,plot_source
1,1-10,bold,bold,1.0,3,colour_vote_plex,E,0.3,pdf
2,1-10,bold,bold,1.0,6,colour_vote_plex,E,0.3,pdf
3,1-10,bold,bold,1.0,6,colour_vote_plex,E,0.3,pdf
4,1-10,bold,bold,1.0,6,colour_vote_plex,E,0.3,pdf
5,1-10,bold,bold,1.0,6,colour_vote_plex,E,0.3,pdf
6,1-10,bold,bold,1.0,6,colour_vote_plex,E,0.3,pdf
7,1-10,bold,bold,1.0,6,colour_vote_plex,E,0.3,pdf
8,1-10,bold,bold,1.0,6,colour_vote_plex,E,0.3,pdf
9,1-10,bold,bold,1.0,6,colour_vote_plex,E,0.3,pdf
10,1-10,bold,bold,1.0,5,colour_vote_plex,E,0.3,pdf
11,11-20,sleek,sleek,1.0,3,colour_vote_plex,E,0.425,pdf
12,11-20,sleek,sleek,1.0,6,colour_vote_plex,E,0.425,pdf
13,11-20,sleek,sleek,1.0,6,colour_vote_plex,E,0.425,pdf
14,11-20,sleek,sleek,1.0,6,colour_vote_plex,E,0.425,pdf
15,11-20,sleek,sleek,1.0,6,colour_vote_plex,E,0.425,pdf
16,11-20,sleek,sleek,1.0,6,colour_vote_plex,E,0.425,pdf
17,11-20,sleek,bold,0.5,6,colour_vote_plex,E,0.425,pdf
18,11-20,sleek,bold,0.5,6,colour_vote_plex,E,0.425,pdf
19,11-20,sleek,sleek,1.0,3,colour_vote_plex,E,0.425,pdf
20,11-20,sleek,sleek,1.0,6,colour_vote_plex,E,0.425,pdf
21,21-28,bold,bold,1.0,6,colour_vote_plex,N,0.5,pdf
22,21-28,bold,bold,1.0,9,colour_vote_plex,N,0.5,pdf
23,21-28,bold,bold,1.0,9,colour_vote_plex,N,0.5,pdf
24,21-28,bold,bold,1.0,9,colour_vote_plex,N,0.5,pdf
25,21-28,bold,bold,1.0,6,colour_vote_plex,N,0.5,pdf
26,21-28,bold,bold,1.0,6,colour_vote_plex,N,0.5,pdf
27,21-28,bold,bold,1.0,6,colour_vote_plex,N,0.5,pdf
28,21-28,bold,bold,1.0,7,colour_vote_plex,N,0.5,pdf
29,29-36,sleek,sleek,1.0,6,colour_vote_plex,E,0.75,pdf
30,29-36,sleek,sleek,0.5455,11,colour_vote_plex,E,0.75,pdf
31,29-36,sleek,sleek,0.6667,9,colour_vote_plex,E,0.75,pdf
32,29-36,sleek,sleek,0.5455,11,colour_vote_plex,E,0.75,pdf
33,29-36,sleek,sleek,0.6667,9,colour_vote_plex,E,0.75,pdf
34,29-36,sleek,sleek,0.5455,11,colour_vote_plex,E,0.75,pdf
35,29-36,sleek,sleek,0.6667,9,colour_vote_plex,E,0.75,pdf
36,29-36,sleek,sleek,1.0,8,colour_vote_plex,E,0.75,pdf
37,37-42,bold,bold,1.0,6,colour_vote_plex,N,0.4167,pdf
38,37-42,bold,bold,1.0,9,colour_vote_plex,N,0.4167,pdf
39,37-42,bold,bold,1.0,9,colour_vote_plex,N,0.4167,pdf
40,37-42,bold,bold,1.0,9,colour_vote_plex,N,0.4167,pdf
41,37-42,bold,bold,1.0,9,colour_vote_plex,N,0.4167,pdf
42,37-42,bold,bold,1.0,6,colour_vote_plex,N,0.4167,pdf
43,43-50,bold,bold,1.0,8,colour_vote_plex,S,0.3125,pdf
44,43-50,bold,bold,1.0,6,colour_vote_plex,S,0.3125,pdf
45,43-50,bold,bold,1.0,6,colour_vote_plex,S,0.3125,pdf
46,43-50,bold,bold,1.0,6,colour_vote_plex,S,0.3125,pdf
47,43-50,bold,bold,1.0,6,colour_vote_plex,S,0.3125,pdf
48,43-50,bold,bold,1.0,6,colour_vote_plex,S,0.3125,pdf
49,43-50,bold,bold,1.0,6,colour_vote_plex,S,0.3125,pdf
50,43-50,bold,bold,1.0,6,colour_vote_plex,S,0.3125,pdf
51,51-58,sleek,sleek,1.0,8,colour_vote_plex,S,0.5312,pdf
52,51-58,sleek,sleek,0.6667,9,colour_vote_plex,S,0.5312,pdf
53,51-58,sleek,sleek,0.5455,11,colour_vote_plex,S,0.5312,pdf
54,51-58,sleek,sleek,0.6667,9,colour_vote_plex,S,0.5312,pdf
55,51-58,sleek,sleek,0.5455,11,colour_vote_plex,S,0.5312,pdf
56,51-58,sleek,sleek,0.6667,9,colour_vote_plex,S,0.5312,pdf
57,51-58,sleek,sleek,0.6667,9,colour_vote_plex,S,0.5312,pdf
58,51-58,sleek,sleek,1.0,6,colour_vote_plex,S,0.5312,pdf
59,59-66,bold,bold,1.0,6,colour_vote_plex,N,0.4375,pdf
60,59-66,bold,bold,1.0,9,colour_vote_plex,N,0.4375,pdf
61,59-66,bold,bold,1.0,9,colour_vote_plex,N,0.4375,pdf
62,59-66,bold,bold,1.0,9,colour_vote_plex,N,0.4375,pdf
63,59-66,bold,bold,1.0,9,colour_vote_plex,N,0.4375,pdf
64,59-66,bold,bold,1.0,9,colour_vote_plex,N,0.4375,pdf
65,59-66,bold,bold,1.0,9,colour_vote_plex,N,0.4375,pdf
66,59-66,bold,bold,1.0,10,colour_vote_plex,N,0.4375,pdf
67,67-74,sleek,sleek,1.0,6,colour_vote_plex,N,0.6562,pdf
68,67-74,sleek,sleek,0.5455,11,colour_vote_plex,N,0.6562,pdf
69,67-74,sleek,sleek,1.0,6,colour_vote_plex,N,0.6562,pdf
70,67-74,sleek,sleek,0.75,8,colour_vote_plex,N,0.6562,pdf
71,67-74,sleek,sleek,1.0,6,colour_vote_plex,N,0.6562,pdf
72,67-74,sleek,sleek,0.5455,11,colour_vote_plex,N,0.6562,pdf
73,67-74,sleek,sleek,0.6667,9,colour_vote_plex,N,0.6562,pdf
74,67-74,sleek,sleek,1.0,8,colour_vote_plex,N,0.6562,pdf
75,75-80,sleek,sleek,1.0,7,colour_vote_plex,N,0.375,pdf
76,75-80,sleek,sleek,0.6667,9,colour_vote_plex,N,0.375,pdf
77,75-80,sleek,sleek,1.0,9,colour_vote_plex,N,0.375,pdf
78,75-80,sleek,sleek,1.0,9,colour_vote_plex,N,0.375,pdf
79,75-80,sleek,sleek,0.75,8,colour_vote_plex,N,0.375,pdf
80,75-80,sleek,sleek,1.0,6,colour_vote_plex,N,0.375,pdf
81,81-90,bold,bold,1.0,7,colour_vote_plex,N,0.775,pdf
82,81-90,bold,bold,1.0,9,colour_vote_plex,N,0.775,pdf
83,81-90,bold,bold,1.0,9,colour_vote_plex,N,0.775,pdf
84,81-90,bold,bold,1.0,8,colour_vote_plex,N,0.775,pdf
85,81-90,bold,bold,1.0,9,colour_vote_plex,N,0.775,pdf
86,81-90,bold,bold,1.0,9,colour_vote_plex,N,0.775,pdf
87,81-90,bold,bold,1.0,9,colour_vote_plex,N,0.775,pdf
88,81-90,bold,bold,1.0,9,colour_vote_plex,N,0.775,pdf
89,81-90,bold,bold,1.0,6,colour_vote_plex,N,0.775,pdf
90,81-90,bold,bold,1.0,6,colour_vote_plex,N,0.775,pdf
91,91-100,sleek,sleek,1.0,6,colour_vote_plex,S,0.425,pdf
92,91-100,sleek,sleek,1.0,6,colour_vote_plex,S,0.425,pdf
93,91-100,sleek,sleek,1.0,6,colour_vote_plex,S,0.425,pdf
94,91-100,sleek,sleek,1.0,6,colour_vote_plex,S,0.425,pdf
95,91-100,sleek,sleek,1.0,6,colour_vote_plex,S,0.425,pdf
96,91-100,sleek,sleek,1.0,6,colour_vote_plex,S,0.425,pdf
97,91-100,sleek,sleek,1.0,6,colour_vote_plex,S,0.425,pdf
98,91-100,sleek,sleek,1.0,6,colour_vote_plex,S,0.425,pdf
99,91-100,sleek,sleek,1.0,6,colour_vote_plex,S,0.425,pdf
100,91-100,sleek,sleek,1.0,8,colour_vote_plex,S,0.425,pdf
101,101-110,bold,bold,1.0,8,colour_vote_plex,N,0.5,pdf
102,101-110,bold,bold,1.0,6,colour_vote_plex,N,0.5,ocr
103,101-110,bold,bold,1.0,6,colour_vote_plex,N,0.5,ocr
104,101-110,bold,bold,1.0,7,colour_vote_plex,N,0.5,ocr
105,101-110,bold,bold,1.0,7,colour_vote_plex,N,0.5,ocr
106,101-110,bold,bold,1.0,6,colour_vote_plex,N,0.5,ocr
107,101-110,bold,bold,1.0,7,colour_vote_plex,N,0.5,ocr
108,101-110,bold,bold,1.0,8,colour_vote_plex,N,0.5,ocr
109,101-110,bold,bold,1.0,6,colour_vote_plex,N,0.5,ocr
110,101-110,bold,bold,1.0,6,colour_vote_plex,N,0.5,ocr
111,111-120,sleek,sleek,1.0,6,colour_vote_plex,S,0.4,pdf
112,111-120,sleek,sleek,1.0,6,colour_vote_plex,S,0.4,ocr
113,111-120,sleek,sleek,1.0,6,colour_vote_plex,S,0.4,ocr
114,111-120,sleek,sleek,1.0,6,colour_vote_plex,S,0.4,ocr
115,111-120,sleek,sleek,1.0,6,colour_vote_plex,S,0.4,ocr
116,111-120,sleek,sleek,1.0,6,colour_vote_plex,S,0.4,ocr
117,111-120,sleek,sleek,1.0,6,colour_vote_plex,S,0.4,ocr
118,111-120,sleek,sleek,1.0,6,colour_vote_plex,S,0.4,ocr
119,111-120,sleek,sleek,1.0,6,colour_vote_plex,S,0.4,ocr
120,111-120,sleek,sleek,1.0,6,colour_vote_plex,S,0.4,pdf
121,121-130,bold,bold,1.0,8,colour_vote_plex,N,0.8,pdf
122,121-130,bold,bold,1.0,6,colour_vote_plex,N,0.8,ocr
123,121-130,bold,bold,1.0,8,colour_vote_plex,N,0.8,ocr
124,121-130,bold,bold,1.0,8,colour_vote_plex,N,0.8,ocr
125,121-130,bold,bold,1.0,9,colour_vote_plex,N,0.8,ocr
126,121-130,bold,bold,1.0,6,colour_vote_plex,N,0.8,ocr
127,121-130,bold,bold,1.0,6,colour_vote_plex,N,0.8,ocr
128,121-130,bold,bold,1.0,6,colour_vote_plex,N,0.8,ocr
129,121-130,bold,bold,1.0,6,colour_vote_plex,N,0.8,ocr
130,121-130,bold,bold,1.0,6,colour_vote_plex,N,0.8,pdf
131,131-140,sleek,sleek,1.0,6,colour_vote_plex,S,0.45,pdf
132,131-140,sleek,sleek,1.0,6,colour_vote_plex,S,0.45,ocr
133,131-140,sleek,sleek,1.0,6,colour_vote_plex,S,0.45,ocr
134,131-140,sleek,sleek,1.0,6,colour_vote_plex,S,0.45,ocr
135,131-140,sleek,sleek,1.0,6,colour_vote_plex,S,0.45,ocr
136,131-140,sleek,sleek,1.0,6,colour_vote_plex,S,0.45,ocr
137,131-140,sleek,sleek,1.0,6,colour_vote_plex,S,0.45,ocr
138,131-140,sleek,sleek,1.0,6,colour_vote_plex,S,0.45,ocr
139,131-140,sleek,sleek,1.0,6,colour_vote_plex,S,0.45,ocr
140,131-140,sleek,sleek,1.0,7,colour_vote_plex,S,0.45,pdf
141,141-150,bold,bold,1.0,6,colour_vote_plex,E,0.375,pdf
142,141-150,bold,bold,1.0,6,colour_vote_plex,E,0.375,ocr
143,141-150,bold,bold,1.0,6,colour_vote_plex,E,0.375,ocr
144,141-150,bold,bold,1.0,6,colour_vote_plex,E,0.375,ocr
145,141-150,bold,bold,1.0,6,colour_vote_plex,E,0.375,ocr
146,141-150,bold,bold,1.0,6,colour_vote_plex,E,0.375,ocr
147,141-150,bold,bold,1.0,6,colour_vote_plex,E,0.375,ocr
148,141-150,bold,bold,1.0,6,colour_vote_plex,E,0.375,ocr
149,141-150,bold,bold,1.0,6,colour_vote_plex,E,0.375,ocr
150,141-150,bold,bold,1.0,4,colour_vote_plex,E,0.375,pdf
151,151-160,sleek,sleek,1.0,6,colour_vote_plex,W,0.7,pdf
152,151-160,sleek,sleek,0.6667,9,colour_vote_plex,W,0.7,pdf
153,151-160,sleek,sleek,0.6667,9,colour_vote_plex,W,0.7,pdf
154,151-160,sleek,sleek,0.6667,9,colour_vote_plex,W,0.7,ocr
155,151-160,sleek,sleek,0.6667,9,colour_vote_plex,W,0.7,ocr
156,151-160,sleek,sleek,0.75,8,colour_vote_plex,W,0.7,ocr
157,151-160,sleek,sleek,0.8571,7,colour_vote_plex,W,0.7,ocr
158,151-160,sleek,sleek,0.8571,7,colour_vote_plex,W,0.7,interp
159,151-160,sleek,sleek,0.75,8,colour_vote_plex,W,0.7,interp
160,151-160,sleek,sleek,1.0,6,colour_vote_plex,W,0.7,pdf
161,161-170,bold,bold,1.0,3,colour_vote_plex,E,0.35,pdf
162,161-170,bold,bold,1.0,6,colour_vote_plex,E,0.35,ocr
163,161-170,bold,bold,1.0,6,colour_vote_plex,E,0.35,ocr
164,161-170,bold,bold,1.0,6,colour_vote_plex,E,0.35,ocr
165,161-170,bold,bold,1.0,6,colour_vote_plex,E,0.35,ocr
166,161-170,bold,bold,1.0,6,colour_vote_plex,E,0.35,ocr
167,161-170,bold,bold,1.0,6,colour_vote_plex,E,0.35,ocr
168,161-170,bold,bold,1.0,6,colour_vote_plex,E,0.35,ocr
169,161-170,bold,bold,1.0,6,colour_vote_plex,E,0.35,ocr
170,161-170,bold,bold,1.0,3,colour_vote_plex,E,0.35,ocr
171,171-180,sleek,sleek,1.0,8,colour_vote_plex,W,0.775,pdf
172,171-180,sleek,sleek,0.5455,11,colour_vote_plex,W,0.775,pdf
173,171-180,sleek,sleek,0.6667,9,colour_vote_plex,W,0.775,ocr
174,171-180,sleek,sleek,0.6667,9,colour_vote_plex,W,0.775,ocr
175,171-180,sleek,sleek,1.0,6,colour_vote_plex,W,0.775,ocr
176,171-180,sleek,sleek,1.0,6,colour_vote_plex,W,0.775,ocr
177,171-180,sleek,sleek,1.0,6,colour_vote_plex,W,0.775,interp
178,171-180,sleek,sleek,1.0,6,colour_vote_plex,W,0.775,interp
179,171-180,sleek,sleek,1.0,6,colour_vote_plex,W,0.775,ocr
180,171-180,sleek,sleek,1.0,6,colour_vote_plex,W,0.775,pdf
181,181-190,bold,bold,1.0,4,colour_vote_plex,E,0.3,pdf
182,181-190,bold,bold,1.0,6,colour_vote_plex,E,0.3,ocr
183,181-190,bold,bold,1.0,6,colour_vote_plex,E,0.3,ocr
184,181-190,bold,bold,1.0,6,colour_vote_plex,E,0.3,pdf
185,181-190,bold,bold,1.0,8,colour_vote_plex,E,0.3,pdf
186,181-190,bold,bold,1.0,6,colour_vote_plex,E,0.3,ocr
187,181-190,bold,bold,1.0,6,colour_vote_plex,E,0.3,ocr
188,181-190,bold,bold,1.0,6,colour_vote_plex,E,0.3,ocr
189,181-190,bold,bold,1.0,6,colour_vote_plex,E,0.3,ocr
190,181-190,bold,bold,1.0,4,colour_vote_plex,E,0.3,pdf
191,191-196,sleek,sleek,1.0,6,colour_vote_plex,W,0.375,pdf
192,191-196,sleek,sleek,0.5455,11,colour_vote_plex,W,0.375,pdf
193,191-196,sleek,sleek,1.0,6,colour_vote_plex,W,0.375,ocr
194,191-196,sleek,sleek,1.0,6,colour_vote_plex,W,0.375,ocr
195,191-196,sleek,sleek,1.0,6,colour_vote_plex,W,0.375,ocr
196,191-196,sleek,sleek,1.0,6,colour_vote_plex,W,0.375,ocr
197,197-202,bold,bold,1.0,6,colour_vote_plex,W,0.2917,pdf
198,197-202,bold,bold,1.0,7,colour_vote_plex,W,0.2917,pdf
199,197-202,bold,bold,1.0,6,colour_vote_plex,W,0.2917,ocr
200,197-202,bold,bold,1.0,6,colour_vote_plex,W,0.2917,ocr
201,197-202,bold,bold,1.0,6,colour_vote_plex,W,0.2917,ocr
202,197-202,bold,bold,1.0,6,colour_vote_plex,W,0.2917,ocr
203,203-210,sleek,sleek,1.0,6,colour_vote_plex,W,0.6562,pdf
204,203-210,sleek,sleek,1.0,6,colour_vote_plex,W,0.6562,ocr
205,203-210,sleek,sleek,1.0,6,colour_vote_plex,W,0.6562,ocr
206,203-210,sleek,sleek,1.0,6,colour_vote_plex,W,0.6562,ocr
207,203-210,sleek,sleek,1.0,6,colour_vote_plex,W,0.6562,ocr
208,203-210,sleek,sleek,1.0,6,colour_vote_plex,W,0.6562,ocr
209,203-210,sleek,sleek,1.0,6,colour_vote_plex,W,0.6562,ocr
210,203-210,sleek,sleek,1.0,6,colour_vote_plex,W,0.6562,ocr
211,211-216,bold,bold,1.0,6,colour_vote_plex,S,0.3333,pdf
212,211-216,bold,bold,1.0,6,colour_vote_plex,S,0.3333,pdf
213,211-216,bold,bold,1.0,6,colour_vote_plex,S,0.3333,pdf
214,211-216,bold,bold,1.0,6,colour_vote_plex,S,0.3333,pdf
215,211-216,bold,bold,1.0,6,colour_vote_plex,S,0.3333,pdf
216,211-216,bold,bold,1.0,6,colour_vote_plex,S,0.3333,pdf
217,217-222,sleek,sleek,1.0,8,colour_vote_plex,S,0.3333,pdf
218,217-222,sleek,sleek,1.0,6,colour_vote_plex,S,0.3333,pdf
219,217-222,sleek,sleek,0.75,8,colour_vote_plex,S,0.3333,pdf
220,217-222,sleek,sleek,1.0,6,colour_vote_plex,S,0.3333,pdf
221,217-222,sleek,sleek,0.5455,11,colour_vote_plex,S,0.3333,pdf
222,217-222,sleek,sleek,1.0,6,colour_vote_plex,S,0.3333,pdf
223,223-228,sleek,sleek,1.0,3,colour_vote_plex,E,0.2083,pdf
224,223-228,sleek,sleek,1.0,6,colour_vote_plex,E,0.2083,pdf
225,223-228,sleek,sleek,1.0,6,colour_vote_plex,E,0.2083,pdf
226,223-228,sleek,sleek,1.0,6,colour_vote_plex,E,0.2083,pdf
227,223-228,sleek,sleek,1.0,6,colour_vote_plex,E,0.2083,pdf
228,223-228,sleek,sleek,1.0,3,colour_vote_plex,E,0.2083,pdf
229,229-236,bold,bold,1.0,6,colour_vote_plex,N,0.4062,pdf
230,229-236,bold,bold,1.0,9,colour_vote_plex,N,0.4062,pdf
231,229-236,bold,bold,1.0,9,colour_vote_plex,N,0.4062,pdf
232,229-236,bold,bold,1.0,9,colour_vote_plex,N,0.4062,pdf
233,229-236,bold,bold,1.0,9,colour_vote_plex,N,0.4062,pdf
234,229-236,bold,bold,1.0,9,colour_vote_plex,N,0.4062,pdf
235,229-236,bold,bold,1.0,6,colour_vote_plex,N,0.4062,pdf
236,229-236,bold,bold,1.0,6,colour_vote_plex,N,0.4062,pdf
237,237-244,sleek,sleek,1.0,8,colour_vote_plex,S,0.4375,pdf
238,237-244,sleek,sleek,1.0,6,colour_vote_plex,S,0.4375,pdf
239,237-244,sleek,sleek,0.75,8,colour_vote_plex,S,0.4375,pdf
240,237-244,sleek,sleek,1.0,6,colour_vote_plex,S,0.4375,pdf
241,237-244,sleek,sleek,1.0,6,colour_vote_plex,S,0.4375,pdf
242,237-244,sleek,sleek,1.0,6,colour_vote_plex,S,0.4375,pdf
243,237-244,sleek,sleek,0.75,8,colour_vote_plex,S,0.4375,pdf
244,237-244,sleek,sleek,1.0,6,colour_vote_plex,S,0.4375,pdf
245,245-254,bold,bold,1.0,6,colour_vote_plex,S,0.375,pdf
246,245-254,bold,bold,1.0,6,colour_vote_plex,S,0.375,pdf
247,245-254,bold,bold,1.0,8,colour_vote_plex,S,0.375,pdf
248,245-254,bold,bold,1.0,6,colour_vote_plex,S,0.375,pdf
249,245-254,bold,bold,1.0,6,colour_vote_plex,S,0.375,pdf
250,245-254,bold,bold,1.0,6,colour_vote_plex,S,0.375,pdf
251,245-254,bold,bold,1.0,6,colour_vote_plex,S,0.375,pdf
252,245-254,bold,bold,1.0,6,colour_vote_plex,S,0.375,pdf
253,245-254,bold,bold,1.0,9,colour_vote_plex,S,0.375,pdf
254,245-254,bold,bold,1.0,6,colour_vote_plex,S,0.375,pdf
255,255-262,bold,bold,1.0,6,colour_vote_plex,N,0.4062,pdf
256,255-262,bold,bold,1.0,6,colour_vote_plex,N,0.4062,pdf
257,255-262,bold,bold,1.0,6,colour_vote_plex,N,0.4062,pdf
258,255-262,bold,bold,1.0,6,colour_vote_plex,N,0.4062,pdf
259,255-262,bold,bold,1.0,6,colour_vote_plex,N,0.4062,pdf
260,255-262,bold,bold,1.0,6,colour_vote_plex,N,0.4062,pdf
261,255-262,bold,bold,1.0,6,colour_vote_plex,N,0.4062,pdf
262,255-262,bold,bold,1.0,8,colour_vote_plex,N,0.4062,pdf
263,263-272,bold,bold,1.0,6,colour_vote_plex,N,0.375,pdf
264,263-272,bold,bold,1.0,9,colour_vote_plex,N,0.375,pdf
265,263-272,bold,bold,1.0,9,colour_vote_plex,N,0.375,pdf
266,263-272,bold,bold,1.0,9,colour_vote_plex,N,0.375,pdf
267,263-272,bold,bold,1.0,9,colour_vote_plex,N,0.375,pdf
268,263-272,bold,bold,1.0,9,colour_vote_plex,N,0.375,pdf
269,263-272,bold,bold,1.0,9,colour_vote_plex,N,0.375,pdf
270,263-272,bold,bold,1.0,9,colour_vote_plex,N,0.375,pdf
271,263-272,bold,bold,1.0,9,colour_vote_plex,N,0.375,pdf
272,263-272,bold,bold,1.0,8,colour_vote_plex,N,0.375,pdf
273,273-282,sleek,sleek,1.0,8,colour_vote_plex,S,0.525,pdf
274,273-282,sleek,sleek,0.6667,9,colour_vote_plex,S,0.525,pdf
275,273-282,sleek,sleek,0.6667,9,colour_vote_plex,S,0.525,pdf
276,273-282,sleek,sleek,0.6667,9,colour_vote_plex,S,0.525,pdf
277,273-282,sleek,sleek,0.6667,9,colour_vote_plex,S,0.525,pdf
278,273-282,sleek,sleek,0.75,8,colour_vote_plex,S,0.525,pdf
279,273-282,sleek,sleek,0.5455,11,colour_vote_plex,S,0.525,pdf
280,273-282,sleek,sleek,0.6667,9,colour_vote_plex,S,0.525,pdf
281,273-282,sleek,sleek,1.0,9,colour_vote_plex,S,0.525,pdf
282,273-282,sleek,sleek,1.0,6,colour_vote_plex,S,0.525,pdf
283,283-290,sleek,sleek,1.0,9,colour_vote_plex,S,0.4062,pdf
284,283-290,sleek,sleek,0.8571,7,colour_vote_plex,S,0.4062,pdf
285,283-290,sleek,sleek,0.75,8,colour_vote_plex,S,0.4062,pdf
286,283-290,sleek,sleek,1.0,6,colour_vote_plex,S,0.4062,pdf
287,283-290,sleek,sleek,0.6667,9,colour_vote_plex,S,0.4062,pdf
288,283-290,sleek,sleek,0.6667,9,colour_vote_plex,S,0.4062,pdf
289,283-290,sleek,sleek,0.75,8,colour_vote_plex,S,0.4062,pdf
290,283-290,sleek,sleek,1.0,6,colour_vote_plex,S,0.4062,pdf
291,291-300,sleek,sleek,1.0,8,colour_vote_plex,E,0.4,pdf
292,291-300,sleek,sleek,1.0,6,colour_vote_plex,E,0.4,pdf
293,291-300,sleek,sleek,1.0,6,colour_vote_plex,E,0.4,ocr
294,291-300,sleek,sleek,1.0,6,colour_vote_plex,E,0.4,ocr
295,291-300,sleek,sleek,1.0,6,colour_vote_plex,E,0.4,pdf
296,291-300,sleek,sleek,1.0,6,colour_vote_plex,E,0.4,pdf
297,291-300,sleek,sleek,1.0,6,colour_vote_plex,E,0.4,pdf
298,291-300,sleek,sleek,1.0,6,colour_vote_plex,E,0.4,pdf
299,291-300,sleek,sleek,1.0,6,colour_vote_plex,E,0.4,pdf
300,291-300,sleek,sleek,1.0,6,colour_vote_plex,E,0.4,pdf
301,301-308,bold,bold,1.0,3,colour_vote_plex,E,0.375,pdf
302,301-308,bold,bold,1.0,6,colour_vote_plex,E,0.375,pdf
303,301-308,bold,bold,1.0,6,colour_vote_plex,E,0.375,pdf
304,301-308,bold,bold,1.0,6,colour_vote_plex,E,0.375,pdf
305,301-308,bold,bold,1.0,6,colour_vote_plex,E,0.375,pdf
306,301-308,bold,bold,1.0,6,colour_vote_plex,E,0.375,pdf
307,301-308,bold,bold,1.0,6,colour_vote_plex,E,0.375,pdf
308,301-308,bold,bold,1.0,3,colour_vote_plex,E,0.375,pdf
