plot_number,style_source,orientation_margin,bua_sqm
1,key_plan,0.804,203.23
2,key_plan,0.804,190.11
3,key_plan,0.804,190.04
4,key_plan,0.804,190.01
5,key_plan,0.804,190.35
6,key_plan,0.804,202.95
7,key_plan,0.667,203.11
8,key_plan,0.667,175.72
9,key_plan,0.667,175.68
10,key_plan,0.667,191.64
11,key_plan,0.667,194.03
12,key_plan,0.667,178.57
13,key_plan,0.667,176.28
14,key_plan,0.667,176.18
15,key_plan,0.667,175.6
16,key_plan,0.667,203.11
17,key_plan,0.725,205.58
18,key_plan,0.725,173.22
19,key_plan,0.725,173.42
20,key_plan,0.725,173.52
21,key_plan,0.725,173.52
22,key_plan,0.725,173.5
23,key_plan,0.725,173.34
24,key_plan,0.725,205.46
25,colour,0.686,198.88
26,colour,0.686,187.98
27,colour,0.686,174.72
28,colour,0.686,174.73
29,colour,0.686,201.46
30,colour,0.725,201.47
31,colour,0.725,174.77
32,colour,0.725,174.77
33,colour,0.725,187.97
34,colour,0.725,198.8
35,key_plan,0.843,205.58
36,key_plan,0.843,173.22
37,key_plan,0.843,173.42
38,key_plan,0.843,173.52
39,key_plan,0.843,173.52
40,key_plan,0.843,173.5
41,key_plan,0.843,173.34
42,key_plan,0.843,205.46
43,key_plan,0.706,209.02
44,key_plan,0.706,195.09
45,key_plan,0.706,194.88
46,key_plan,0.706,206.06
47,key_plan,0.745,209.02
48,key_plan,0.745,195.09
49,key_plan,0.745,194.88
50,key_plan,0.745,206.06
51,key_plan,0.745,209.02
52,key_plan,0.745,195.09
53,key_plan,0.745,194.88
54,key_plan,0.745,206.06
55,key_plan,0.765,209.02
56,key_plan,0.765,195.09
57,key_plan,0.765,194.88
58,key_plan,0.765,206.06
59,colour,0.706,201.47
60,colour,0.706,174.77
61,colour,0.706,174.77
62,colour,0.706,187.97
63,colour,0.706,198.8
64,key_plan,0.784,209.02
65,key_plan,0.784,195.09
66,key_plan,0.784,194.88
67,key_plan,0.784,206.06
68,key_plan,0.824,209.02
69,key_plan,0.824,195.09
70,key_plan,0.824,194.88
71,key_plan,0.824,206.06
72,key_plan,0.804,203.23
73,key_plan,0.804,190.11
74,key_plan,0.804,190.04
75,key_plan,0.804,190.01
76,key_plan,0.804,190.35
77,key_plan,0.804,202.95
78,key_plan,0.765,203.23
79,key_plan,0.765,190.11
80,key_plan,0.765,190.04
81,key_plan,0.765,190.01
82,key_plan,0.765,190.35
83,key_plan,0.765,202.95
84,key_plan,0.725,209.02
85,key_plan,0.725,195.09
86,key_plan,0.725,194.88
87,key_plan,0.725,206.06
88,key_plan,0.745,203.11
89,key_plan,0.745,175.72
90,key_plan,0.745,175.68
91,key_plan,0.745,191.64
92,key_plan,0.745,194.03
93,key_plan,0.745,178.57
94,key_plan,0.745,176.28
95,key_plan,0.745,176.18
96,key_plan,0.745,175.6
97,key_plan,0.745,203.11
98,key_plan,0.667,209.02
99,key_plan,0.667,195.09
100,key_plan,0.667,194.88
101,key_plan,0.667,206.06
102,key_plan,0.765,203.11
103,key_plan,0.765,175.72
104,key_plan,0.765,175.68
105,key_plan,0.765,191.64
106,key_plan,0.765,194.03
107,key_plan,0.765,178.57
108,key_plan,0.765,176.28
109,key_plan,0.765,176.18
110,key_plan,0.765,175.6
111,key_plan,0.765,203.11
112,key_plan,0.706,205.58
113,key_plan,0.706,173.22
114,key_plan,0.706,173.42
115,key_plan,0.706,173.52
116,key_plan,0.706,173.52
117,key_plan,0.706,173.5
118,key_plan,0.706,173.34
119,key_plan,0.706,205.46
120,colour,0.627,198.88
121,colour,0.627,187.98
122,colour,0.627,174.72
123,colour,0.627,174.73
124,colour,0.627,201.46
125,key_plan,0.804,203.23
126,key_plan,0.804,190.11
127,key_plan,0.804,190.04
128,key_plan,0.804,190.01
129,key_plan,0.804,190.35
130,key_plan,0.804,202.95
131,key_plan,0.706,205.58
132,key_plan,0.706,173.22
133,key_plan,0.706,173.42
134,key_plan,0.706,173.52
135,key_plan,0.706,173.52
136,key_plan,0.706,173.5
137,key_plan,0.706,173.34
138,key_plan,0.706,205.46
139,key_plan,0.745,203.11
140,key_plan,0.745,175.72
141,key_plan,0.745,175.68
142,key_plan,0.745,191.64
143,key_plan,0.745,194.03
144,key_plan,0.745,178.57
145,key_plan,0.745,176.28
146,key_plan,0.745,176.18
147,key_plan,0.745,175.6
148,key_plan,0.745,203.11
149,key_plan,0.725,209.02
150,key_plan,0.725,195.09
151,key_plan,0.725,194.88
152,key_plan,0.725,206.06
153,key_plan,0.725,205.58
154,key_plan,0.725,173.22
155,key_plan,0.725,173.42
156,key_plan,0.725,173.52
157,key_plan,0.725,173.52
158,key_plan,0.725,173.5
159,key_plan,0.725,173.34
160,key_plan,0.725,205.46
161,key_plan,0.745,203.11
162,key_plan,0.745,175.72
163,key_plan,0.745,175.68
164,key_plan,0.745,191.64
165,key_plan,0.745,194.03
166,key_plan,0.745,178.57
167,key_plan,0.745,176.28
168,key_plan,0.745,176.18
169,key_plan,0.745,175.6
170,key_plan,0.745,203.11
171,key_plan,0.745,209.02
172,key_plan,0.745,195.09
173,key_plan,0.745,194.88
174,key_plan,0.745,206.06
175,key_plan,0.667,203.11
176,key_plan,0.667,175.72
177,key_plan,0.667,175.68
178,key_plan,0.667,191.64
179,key_plan,0.667,194.03
180,key_plan,0.667,178.57
181,key_plan,0.667,176.28
182,key_plan,0.667,176.18
183,key_plan,0.667,175.6
184,key_plan,0.667,203.11
185,colour,0.667,198.88
186,colour,0.667,187.98
187,colour,0.667,174.72
188,colour,0.667,174.73
189,colour,0.667,201.46
190,key_plan,0.745,205.58
191,key_plan,0.745,173.22
192,key_plan,0.745,173.42
193,key_plan,0.745,173.52
194,key_plan,0.745,173.52
195,key_plan,0.745,173.5
196,key_plan,0.745,173.34
197,key_plan,0.745,205.46
198,key_plan,0.608,205.58
199,key_plan,0.608,173.22
200,key_plan,0.608,173.42
201,key_plan,0.608,173.52
202,key_plan,0.608,173.52
203,key_plan,0.608,173.5
204,key_plan,0.608,173.34
205,key_plan,0.608,205.46
206,key_plan,0.765,203.11
207,key_plan,0.765,175.72
208,key_plan,0.765,175.68
209,key_plan,0.765,191.64
210,key_plan,0.765,194.03
211,key_plan,0.765,178.57
212,key_plan,0.765,176.28
213,key_plan,0.765,176.18
214,key_plan,0.765,175.6
215,key_plan,0.765,203.11
216,key_plan,0.745,205.58
217,key_plan,0.745,173.22
218,key_plan,0.745,173.42
219,key_plan,0.745,173.52
220,key_plan,0.745,173.52
221,key_plan,0.745,173.5
222,key_plan,0.745,173.34
223,key_plan,0.745,205.46
224,key_plan,0.706,203.11
225,key_plan,0.706,175.72
226,key_plan,0.706,175.68
227,key_plan,0.706,191.64
228,key_plan,0.706,194.03
229,key_plan,0.706,178.57
230,key_plan,0.706,176.28
231,key_plan,0.706,176.18
232,key_plan,0.706,175.6
233,key_plan,0.706,203.11
234,key_plan,0.765,209.02
235,key_plan,0.765,195.09
236,key_plan,0.765,194.88
237,key_plan,0.765,206.06
238,colour,0.627,198.88
239,colour,0.627,187.98
240,colour,0.627,174.72
241,colour,0.627,174.73
242,colour,0.627,201.46
243,colour,0.549,198.88
244,colour,0.549,187.98
245,colour,0.549,174.72
246,colour,0.549,174.73
247,colour,0.549,201.46
248,key_plan,0.471,209.02
249,key_plan,0.471,195.09
250,key_plan,0.471,194.88
251,key_plan,0.471,206.06
252,colour,0.667,201.47
253,colour,0.667,174.77
254,colour,0.667,174.77
255,colour,0.667,187.97
256,colour,0.667,198.8
257,key_plan,0.667,203.23
258,key_plan,0.667,190.11
259,key_plan,0.667,190.04
260,key_plan,0.667,190.01
261,key_plan,0.667,190.35
262,key_plan,0.667,202.95
263,colour,0.608,201.47
264,colour,0.608,174.77
265,colour,0.608,174.77
266,colour,0.608,187.97
267,colour,0.608,198.8
268,key_plan,0.667,203.23
269,key_plan,0.667,190.11
270,key_plan,0.667,190.04
271,key_plan,0.667,190.01
272,key_plan,0.667,190.35
273,key_plan,0.667,202.95
274,key_plan,0.647,203.11
275,key_plan,0.647,175.72
276,key_plan,0.647,175.68
277,key_plan,0.647,191.64
278,key_plan,0.647,194.03
279,key_plan,0.647,178.57
280,key_plan,0.647,176.28
281,key_plan,0.647,176.18
282,key_plan,0.647,175.6
283,key_plan,0.647,203.11
284,key_plan,0.745,203.11
285,key_plan,0.745,175.72
286,key_plan,0.745,175.68
287,key_plan,0.745,191.64
288,key_plan,0.745,194.03
289,key_plan,0.745,178.57
290,key_plan,0.745,176.28
291,key_plan,0.745,176.18
292,key_plan,0.745,175.6
293,key_plan,0.745,203.11
294,colour,0.451,198.88
295,colour,0.451,187.98
296,colour,0.451,174.72
297,colour,0.451,174.73
298,colour,0.451,201.46
299,colour,0.647,198.88
300,colour,0.647,187.98
301,colour,0.647,174.72
302,colour,0.647,174.73
303,colour,0.647,201.46
304,colour,0.667,198.88
305,colour,0.667,187.98
306,colour,0.667,174.72
307,colour,0.667,174.73
308,colour,0.667,201.46
309,colour,0.667,198.88
310,colour,0.667,187.98
311,colour,0.667,174.72
312,colour,0.667,174.73
313,colour,0.667,201.46
314,key_plan,0.745,205.58
315,key_plan,0.745,173.22
316,key_plan,0.745,173.42
317,key_plan,0.745,173.52
318,key_plan,0.745,173.52
319,key_plan,0.745,173.5
320,key_plan,0.745,173.34
321,key_plan,0.745,205.46
322,key_plan,0.686,205.58
323,key_plan,0.686,173.22
324,key_plan,0.686,173.42
325,key_plan,0.686,173.52
326,key_plan,0.686,173.52
327,key_plan,0.686,173.5
328,key_plan,0.686,173.34
329,key_plan,0.686,205.46
330,key_plan,0.608,205.58
331,key_plan,0.608,173.22
332,key_plan,0.608,173.42
333,key_plan,0.608,173.52
334,key_plan,0.608,173.52
335,key_plan,0.608,173.5
336,key_plan,0.608,173.34
337,key_plan,0.608,205.46
338,key_plan,0.647,203.23
339,key_plan,0.647,190.11
340,key_plan,0.647,190.04
341,key_plan,0.647,190.01
342,key_plan,0.647,190.35
343,key_plan,0.647,202.95
344,key_plan,0.686,203.11
345,key_plan,0.686,175.72
346,key_plan,0.686,175.68
347,key_plan,0.686,191.64
348,key_plan,0.686,194.03
349,key_plan,0.686,178.57
350,key_plan,0.686,176.28
351,key_plan,0.686,176.18
352,key_plan,0.686,175.6
353,key_plan,0.686,203.11
354,colour,0.588,198.88
355,colour,0.588,187.98
356,colour,0.588,174.72
357,colour,0.588,174.73
358,colour,0.588,201.46
359,key_plan,0.627,209.02
360,key_plan,0.627,195.09
361,key_plan,0.627,194.88
362,key_plan,0.627,206.06
363,key_plan,0.706,203.11
364,key_plan,0.706,175.72
365,key_plan,0.706,175.68
366,key_plan,0.706,191.64
367,key_plan,0.706,194.03
368,key_plan,0.706,178.57
369,key_plan,0.706,176.28
370,key_plan,0.706,176.18
371,key_plan,0.706,175.6
372,key_plan,0.706,203.11
